date,inst_long,inst_short,total_oi,close,retail_long,retail_short,retail_net,retail_ratio
2021-01-04,87645,88457,115758,14800.0,28113,27301,812,0.7014633977781233
2021-01-05,88523,89453,116134,14645.0,27611,26681,930,0.8007990769283758
2021-01-06,88926,90340,115597,14589.0,26671,25257,1414,1.2232151353408824
2021-01-07,91568,92055,119134,14490.0,27566,27079,487,0.4087833867745564
2021-01-08,93731,96159,119993,-69.0,26262,23834,2428,2.0234513679964663
2021-01-11,94275,99307,122532,15196.0,28257,23225,5032,4.106682336042829
2021-01-12,97511,103562,125984,14749.0,28473,22422,6051,4.802990855981712
2021-01-13,97388,104629,129467,15000.0,32079,24838,7241,5.5929310171703985
2021-01-14,95367,107972,129082,14973.0,33715,21110,12605,9.76511054988302
2021-01-15,91232,100850,122564,15300.0,31332,21714,9618,7.847328742534512
2021-01-18,94765,106073,125879,15292.0,31114,19806,11308,8.983229927152266
2021-01-19,84502,96893,117092,15045.0,32590,20199,12391,10.582277183752947
2021-01-20,72090,76897,118127,-120.0,46037,41230,4807,4.069349090385771
2021-01-21,69714,76709,96361,-77.0,26647,19652,6995,7.259160863834954
2021-01-22,70041,82882,100154,-73.0,30113,17272,12841,12.821255266888992
2021-01-25,71594,85775,102683,15674.0,31089,16908,14181,13.810465218195805
2021-01-26,72099,86742,105468,15388.0,33369,18726,14643,13.883832062805778
2021-01-27,71648,88247,104398,14877.0,32750,16151,16599,15.899729879882758
2021-01-28,71548,89246,105753,-72.0,34205,16507,17698,16.735222641438067
2021-01-29,76052,84575,104934,-73.0,28882,20359,8523,8.122248270341357
2021-02-01,75245,84880,104777,-70.0,29532,19897,9635,9.195720434828255
2021-02-02,75914,83316,105712,14942.0,29798,22396,7402,7.002043287422431
2021-02-03,69927,78779,99325,-80.0,29398,20546,8852,8.912157060156053
2021-02-04,72023,80780,99153,14858.0,27130,18373,8757,8.831805391667423
2021-02-05,73690,83648,98855,-88.0,25165,15207,9958,10.073339740023266
2021-02-17,64663,68441,102287,-47.0,37624,33846,3778,3.693528991954012
2021-02-18,64406,73041,87372,-61.0,22966,14331,8635,9.883028887973264
2021-02-19,63792,71319,87022,16125.0,23230,15703,7527,8.649536898715267
2021-02-22,63166,73729,89818,16190.0,26652,16089,10563,11.76044890779131
2021-02-23,64414,76760,92811,16247.0,28397,16051,12346,13.30230252879508
2021-02-24,62830,78441,95069,15376.0,32239,16628,15611,16.42070496165943
2021-02-25,64307,78536,94472,-84.0,30165,15936,14229,15.061605555085105
2021-02-26,66607,83478,99874,15085.0,33267,16396,16871,16.89228427819052
2021-03-02,69503,82159,100238,15258.0,30735,18079,12656,12.625950238432532
2021-03-03,66204,79080,98115,15516.0,31911,19035,12876,13.123375630637518
2021-03-04,65843,78418,96740,15716.0,30897,18322,12575,12.998759561711804
2021-03-05,65997,81021,97779,15855.0,31782,16758,15024,15.36526247967355
2021-03-08,68121,78130,98021,15621.0,29900,19891,10009,10.211077218147132
2021-03-09,67331,80216,98301,15649.0,30970,18085,12885,13.107699819940793
2021-03-10,65750,76014,95755,15688.0,30005,19741,10264,10.7190225053522
2021-03-11,63764,77996,99054,-63.0,35290,21058,14232,14.36792052819674
2021-03-12,63523,77857,96742,16038.0,33219,18885,14334,14.81672903185793
2021-03-15,66373,81952,100171,15362.0,33798,18219,15579,15.552405386788593
2021-03-16,70076,83510,103184,16114.0,33108,19674,13434,13.01946038145449
2021-03-17,62125,72746,100679,15578.0,38554,27933,10621,10.549369779199237
2021-03-18,62566,73185,89020,15465.0,26454,15835,10619,11.928780049427095
2021-03-19,63352,74488,91014,15441.0,27662,16526,11136,12.235480255784823
2021-03-22,62845,71458,89751,15570.0,26906,18293,8613,9.596550456262326
2021-03-23,63809,71752,90333,15547.0,26524,18581,7943,8.793021376462644
2021-03-24,63176,74074,91699,15983.0,28523,17625,10898,11.884535273012792
2021-03-25,63292,71399,90884,15454.0,27592,19485,8107,8.920161964702258
2021-03-26,67385,72167,95449,15698.0,28064,23282,4782,5.010005343167555
2021-03-29,67296,69684,93778,15822.0,26482,24094,2388,2.546439463413594
2021-03-30,68135,69556,94510,15939.0,26375,24954,1421,1.50354459845519
2021-03-31,65969,69681,92306,-46.0,26337,22625,3712,4.021407059129417
2021-04-01,65790,68396,90749,15969.0,24959,22353,2606,2.8716569879557903
2021-04-06,66734,68406,91848,16158.0,25114,23442,1672,1.8203989199547077
2021-04-07,62701,66969,89455,16199.0,26754,22486,4268,4.77111396791683
2021-04-08,63655,67640,93199,16017.0,29544,25559,3985,4.275796950611058
2021-04-09,61747,68226,90121,15979.0,28374,21895,6479,7.189223377459193
2021-04-12,61211,68383,90188,15976.0,28977,21805,7172,7.9522774648512
2021-04-13,64051,70532,91662,16245.0,27611,21130,6481,7.0705417730357185
2021-04-14,61867,67873,87606,16307.0,25739,19733,6006,6.8556948154236
2021-04-15,61979,66657,89947,16505.0,27968,23290,4678,5.200840494958142
2021-04-16,63790,71568,93197,16594.0,29407,21629,7778,8.345762202646007
2021-04-19,65991,71203,95487,16690.0,29496,24284,5212,5.458334642412057
2021-04-20,66498,74787,96611,17319.0,30113,21824,8289,8.579768349359803
2021-04-21,57194,64432,94058,-93.0,36864,29626,7238,7.695251865869995
2021-04-22,56944,66855,83917,16569.0,26973,17062,9911,11.810479402266525
2021-04-23,57560,68153,86206,16364.0,28646,18053,10593,12.288007795281072
2021-04-26,58306,68678,90731,16979.0,32425,22053,10372,11.43159449361299
2021-04-27,59819,70293,91513,-57.0,31694,21220,10474,11.445368417601872
2021-04-28,57135,69296,89689,16808.0,32554,20393,12161,13.55907636387963
2021-04-29,58437,68874,89660,16840.0,31223,20786,10437,11.640642426946242
2021-05-03,60687,75770,95151,17253.0,34464,19381,15083,15.851646330569306
2021-05-04,61544,80530,97360,16397.0,35816,16830,18986,19.500821692686934
2021-05-05,58378,78825,95410,16214.0,37032,16585,20447,21.430667644900954
2021-05-06,60029,76199,93933,16210.0,33904,17734,16170,17.214397496087635
2021-05-07,58789,75486,95106,17287.0,36317,19620,16697,17.556200450024185
2021-05-10,60067,77555,95642,16661.0,35575,18087,17488,18.28485393446394
2021-05-11,65341,80153,97777,15991.0,32436,17624,14812,15.148756865111427
2021-05-12,67789,78043,92162,15110.0,24373,14119,10254,11.12606063236475
2021-05-13,68251,75714,91012,15023.0,22761,15298,7463,8.200017580099328
2021-05-14,69465,72185,89128,15172.0,19663,16943,2720,3.0517906830625616
2021-05-17,68036,70920,87190,14692.0,19154,16270,2884,3.307718775088887
2021-05-18,71273,75968,93597,15180.0,22324,17629,4695,5.01618641623129
2021-05-19,59647,63095,90937,15115.0,31290,27842,3448,3.791635967757898
2021-05-20,60761,63464,78870,15471.0,18109,15406,2703,3.427158615443134
2021-05-21,60681,64574,80112,-113.0,19431,15538,3893,4.8594467745156775
2021-05-24,61175,67240,83654,-120.0,22479,16414,6065,7.250101609008536
2021-05-25,60057,65262,82824,-107.0,22767,17562,5205,6.284410315850478
2021-05-26,60866,65211,83335,16616.0,22469,18124,4345,5.213895722085558
2021-05-27,59482,64754,80592,15890.0,21110,15838,5272,6.541592217589836
2021-05-28,60238,65794,84147,16411.0,23909,18353,5556,6.602730935149204
2021-05-31,60420,66797,83615,16560.0,23195,16818,6377,7.626622017580578
2021-06-01,64381,69923,88368,16684.0,23987,18445,5542,6.271500995835597
2021-06-02,64965,69855,88225,16444.0,23260,18370,4890,5.542646642108246
2021-06-03,66451,70596,89684,16547.0,23233,19088,4145,4.621783149725704
2021-06-04,67507,74142,92595,16440.0,25088,18453,6635,7.165613694043955
2021-06-07,68522,73964,91325,16460.0,22803,17361,5442,5.958937859293731
2021-06-08,68105,74812,91902,17090.0,23797,17090,6707,7.297991338599813
2021-06-09,68599,73489,93885,16105.0,25286,20396,4890,5.208499760345103
2021-06-10,68673,72404,94070,16688.0,25397,21666,3731,3.966195386414372
2021-06-11,68767,72057,93514,16745.0,24747,21457,3290,3.5181897897640995
2021-06-15,68358,74044,96216,16903.0,27858,22172,5686,5.909620021618026
2021-06-16,60532,68173,97508,16891.0,36976,29335,7641,7.836280100094352
2021-06-17,62969,73075,88327,16735.0,25358,15252,10106,11.441575056324794
2021-06-18,61736,70800,86366,16680.0,24630,15566,9064,10.494870666697544
2021-06-21,64484,74228,91807,-167.0,27323,17579,9744,10.613569771368196
2021-06-22,62704,73748,90537,16471.0,27833,16789,11044,12.198327755503275
2021-06-23,63659,75956,94653,16790.0,30994,18697,12297,12.991664289562928
2021-06-24,64511,76647,94993,16835.0,30482,18346,12136,12.77567820786795
2021-06-25,62949,73227,90901,16909.0,27952,17674,10278,11.306806305761214
2021-06-28,63510,74494,93103,16859.0,29593,18609,10984,11.79768643330505
2021-06-29,64623,73836,92366,-213.0,27743,18530,9213,9.974449472749713
2021-06-30,65374,74696,96103,17220.0,30729,21407,9322,9.700009364952185
2021-07-01,64367,74337,92577,16937.0,28210,18240,9970,10.76941356924506
2021-07-02,64854,73992,91748,16849.0,26894,17756,9138,9.95989013384488
2021-07-05,65886,74488,96172,17382.0,30286,21684,8602,8.944391298922763
2021-07-06,65210,74369,94106,17157.0,28896,19737,9159,9.732641914436911
2021-07-07,65426,73367,92834,17155.0,27408,19467,7941,8.553978068380118
2021-07-08,65400,72756,93207,17825.0,27807,20451,7356,7.892111107534842
2021-07-09,64181,73777,92582,17210.0,28401,18805,9596,10.36486574064073
2021-07-12,63544,73830,92390,17363.0,28846,18560,10286,11.133239528087456
2021-07-13,64936,76103,95276,17255.0,30340,19173,11167,11.720685167303413
2021-07-14,62683,72469,91843,0.0,29160,19374,9786,10.655139749354877
2021-07-15,62443,72085,93800,17568.0,31357,21715,9642,10.279317697228144
2021-07-16,64470,74733,93149,17487.0,28679,18416,10263,11.017831646072421
2021-07-19,61713,74891,92982,17794.0,31269,18091,13178,14.172635563872577
2021-07-20,61504,77896,96200,17096.0,34696,18304,16392,17.03950103950104
2021-07-21,56468,73199,97833,17035.0,41365,24634,16731,17.101591487534883
2021-07-22,57388,74253,87333,-93.0,29945,13080,16865,19.311142408940494
2021-07-23,57542,74409,88208,17224.0,30666,13799,16867,19.121848358425538
2021-07-26,58611,73947,91348,16797.0,32737,17401,15336,16.788544905197707
2021-07-27,57239,74729,89630,16828.0,32391,14901,17490,19.51355572910856
2021-07-28,54876,70852,86780,0.0,31904,15928,15976,18.40977183682876
2021-07-29,57624,70013,87608,17132.0,29984,17595,12389,14.14140261163364
2021-07-30,56316,68928,85780,17173.0,29464,16852,12612,14.702727908603405
2021-08-02,56874,70894,88249,17255.0,31375,17355,14020,15.886865573547576
2021-08-03,57262,69373,87831,17126.0,30569,18458,12111,13.788981111452674
2021-08-04,58549,69488,90088,17276.0,31539,20600,10939,12.142571707663617
2021-08-05,56704,70868,89220,17376.0,32516,18352,14164,15.875364268101322
2021-08-06,56705,68986,86385,17070.0,29680,17399,12281,14.216588528100942
2021-08-09,56721,68076,86706,17404.0,29985,18630,11355,13.095979516988443
2021-08-10,56888,70390,87939,17020.0,31051,17549,13502,15.353824810379923
2021-08-11,53733,71655,88957,-115.0,35224,17302,17922,20.146812504918106
2021-08-12,54614,71479,87815,16860.0,33201,16336,16865,19.205147184421794
2021-08-13,54929,73565,91538,16934.0,36609,17973,18636,20.358758111385438
2021-08-16,54875,70559,88910,-114.0,34035,18351,15684,17.640310426273757
2021-08-17,54394,70161,89249,16354.0,34855,19088,15767,17.66630438436285
2021-08-18,48656,64254,88044,16568.0,39388,23790,15598,17.71614192903548
2021-08-19,48889,63756,80582,16174.0,31693,16826,14867,18.449529671638828
2021-08-20,49670,61730,78938,16000.0,29268,17208,12060,15.277812967138768
2021-08-23,52084,63885,81066,16555.0,28982,17181,11801,14.557274319690128
2021-08-24,52995,64278,81720,16647.0,28725,17442,11283,13.806901615271661
2021-08-25,53743,64164,84233,16851.0,30490,20069,10421,12.37163581969062
2021-08-26,51592,60114,79913,16868.0,28321,19799,8522,10.664097205711212
2021-08-27,50405,58903,80884,16893.0,30479,21981,8498,10.506404233222886
2021-08-30,49781,59186,82491,17212.0,32710,23305,9405,11.40124377204786
2021-08-31,54848,64538,86342,17347.0,31494,21804,9690,11.222811609645364
2021-09-01,53810,64391,88120,17343.0,34310,23729,10581,12.007489786654562
2021-09-02,52681,59987,83935,17187.0,31254,23948,7306,8.704354560076249
2021-09-03,51666,63562,86155,17396.0,34489,22593,11896,13.807672218675643
2021-09-06,52419,61588,84934,17354.0,32515,23346,9169,10.795441166081899
2021-09-07,51092,60334,82519,17422.0,31427,22185,9242,11.199844884208485
2021-09-08,49955,58350,81639,17137.0,31684,23289,8395,10.283075490880584
2021-09-09,51737,57760,81843,16915.0,30106,24083,6023,7.359212150092249
2021-09-10,52839,60645,84258,17222.0,31419,23613,7806,9.264402193263548
2021-09-13,54021,62176,84647,17295.0,30626,22471,8155,9.634127612319396
2021-09-14,54273,63292,84816,17319.0,30543,21524,9019,10.633606866628938
2021-09-15,46958,52732,81601,-60.0,34643,28869,5774,7.075893677773556
2021-09-16,46718,55198,72798,17010.0,26080,17600,8480,11.648671666804034
2021-09-17,48929,57078,74527,17023.0,25598,17449,8149,10.9342922699156
2021-09-22,47685,56791,74507,16708.0,26822,17716,9106,12.221670447072087
2021-09-23,50073,57324,77619,16780.0,27546,20295,7251,9.341784872260659
2021-09-24,50404,58664,80403,-34.0,29999,21739,8260,10.273248510627713
2021-09-27,52083,62251,82688,17226.0,30605,20437,10168,12.296826625386997
2021-09-28,49775,60019,80571,16876.0,30796,20552,10244,12.714252026163258
2021-09-29,50072,60162,83762,-30.0,33690,23600,10090,12.04603519495714
2021-09-30,52637,60608,85145,16267.0,32508,24537,7971,9.36167713899818
2021-10-01,57715,62997,86841,-31.0,29126,23844,5282,6.082380442417752
2021-10-04,58624,62285,86361,16078.0,27737,24076,3661,4.239182038188534
2021-10-05,56235,64194,83906,16367.0,27671,19712,7959,9.485614854718376
2021-10-06,56782,60905,82708,16335.0,25926,21803,4123,4.985007496251874
2021-10-07,55264,64624,87016,16529.0,31752,22392,9360,10.756642456559714
2021-10-08,54068,65937,85841,16340.0,31773,19904,11869,13.826726156498642
2021-10-12,56827,64462,85631,16146.0,28804,21169,7635,8.916163538905304
2021-10-13,54442,65415,85280,15772.0,30838,19865,10973,12.86702626641651
2021-10-14,57099,65911,86591,16405.0,29492,20680,8812,10.17657724243859
2021-10-15,57494,65668,87712,16602.0,30218,22044,8174,9.319135352061291
2021-10-18,58615,67999,87246,16550.0,28631,19247,9384,10.755793961900832
2021-10-19,57078,66525,87905,16720.0,30827,21380,9447,10.746828963085148
2021-10-20,49824,55141,83805,16733.0,33981,28664,5317,6.3444901855497875
2021-10-21,51943,58211,75990,16670.0,24047,17779,6268,8.248453743913672
2021-10-22,51453,59387,76758,16854.0,25305,17371,7934,10.336381875504834
2021-10-25,51334,59389,78093,0.0,26759,18704,8055,10.314624870346895
2021-10-26,52748,63592,82175,16399.0,29427,18583,10844,13.196227563127472
2021-10-27,52750,62458,82061,16318.0,29311,19603,9708,11.830223857861835
2021-10-28,53116,62654,81894,16885.0,28778,19240,9538,11.646762888612109
2021-10-29,53630,63807,82155,16945.0,28525,18348,10177,12.387560099811331
2021-11-01,55096,63256,83538,-28.0,28442,20282,8160,9.768009768009769
2021-11-02,56539,66066,86344,16876.0,29805,20278,9527,11.033771889187436
2021-11-03,54783,63210,83999,16434.0,29216,20789,8427,10.03226228883677
2021-11-04,54840,64424,84335,16921.0,29495,19911,9584,11.364202288492322
2021-11-05,57334,63882,87254,16600.0,29920,23372,6548,7.504527013088225
2021-11-08,59078,61933,89176,17263.0,30098,27243,2855,3.2015340450345384
2021-11-09,59115,58686,87123,17390.0,28008,28437,-429,-0.4924072862504735
2021-11-10,57683,58988,85837,17398.0,28154,26849,1305,1.520323403660426
2021-11-11,56926,60414,84647,16794.0,27721,24233,3488,4.120642196415703
2021-11-12,58708,61406,84920,16875.0,26212,23514,2698,3.177107866227037
2021-11-15,61791,63523,88670,17511.0,26879,25147,1732,1.9533100259388745
2021-11-16,61316,64441,88666,17546.0,27350,24225,3125,3.5244625899442856
2021-11-17,52974,56048,85337,4.0,32363,29289,3074,3.602188968442762
2021-11-18,54179,59954,80586,17732.0,26407,20632,5775,7.166257166257166
2021-11-19,53112,60373,80388,17596.0,27276,20015,7261,9.032442653132309
2021-11-22,56357,62854,83441,17836.0,27084,20587,6497,7.786340048657135
2021-11-23,56426,62854,84275,17532.0,27849,21421,6428,7.627410264016612
2021-11-24,57130,63955,85091,17605.0,27961,21136,6825,8.020824764076107
2021-11-25,57013,64725,85208,17541.0,28195,20483,7712,9.050793352736832
2021-11-26,55819,65052,87633,17100.0,31814,22581,9233,10.535985302340443
2021-11-29,56818,65261,85476,17308.0,28658,20215,8443,9.877626468248398
2021-11-30,57649,67573,87408,17205.0,29759,19835,9924,11.353651839648544
2021-12-01,57994,67933,90028,17448.0,32034,22095,9939,11.039898698182787
2021-12-02,56309,67101,87609,17559.0,31300,20508,10792,12.318369117328128
2021-12-03,56932,67266,87641,17706.0,30709,20375,10334,11.791284900902546
2021-12-06,59508,71325,91912,17610.0,32404,20587,11817,12.856863086430497
2021-12-07,60050,71749,91005,17504.0,30955,19256,11699,12.855337618812154
2021-12-08,57318,68683,87884,17716.0,30566,19201,11365,12.931819216239587
2021-12-09,57965,68719,88245,17559.0,30280,19526,10754,12.1865261487903
2021-12-10,57383,69062,88490,17818.0,31107,19428,11679,13.198101480393266
2021-12-13,60428,71945,90463,17752.0,30035,18518,11517,12.731171860318582
2021-12-14,60788,73453,91827,16942.0,31039,18374,12665,13.79223975519183
2021-12-15,52744,63464,88526,17630.0,35782,25062,10720,12.109436775636537
2021-12-16,53399,63984,80621,17714.0,27222,16637,10585,13.12933354833108
2021-12-17,53872,64216,81462,0.0,27590,17246,10344,12.69794505413567
2021-12-20,54752,65310,83836,17580.0,29084,18526,10558,12.593635192518725
2021-12-21,55299,64803,86381,17142.0,31082,21578,9504,11.002419513550434
2021-12-22,54369,61881,83309,17740.0,28940,21428,7512,9.0170329736283
2021-12-23,55534,62447,85018,17954.0,29484,22571,6913,8.131219271213155
2021-12-24,55728,64030,85822,17872.0,30094,21792,8302,9.673510288737154
2021-12-27,58074,65241,89781,18068.0,31707,24540,7167,7.982758044575133
2021-12-28,60313,67022,91701,18207.0,31388,24679,6709,7.316168853120468
2021-12-29,61872,68204,93111,18276.0,31239,24907,6332,6.800485442106733
2021-12-30,60572,68440,90805,17597.0,30233,22365,7868,8.664721105665988
2022-01-03,60299,67913,90826,17545.0,30527,22913,7614,8.38306211877656
2022-01-04,62057,67976,93198,18516.0,31141,25222,5919,6.350994656537694
2022-01-05,63061,67861,93628,18252.0,30567,25767,4800,5.126671508523092
2022-01-06,62399,67978,91438,17723.0,29039,23460,5579,6.101402042914325
2022-01-07,59952,69456,89832,18060.0,29880,20376,9504,10.579748864547154
2022-01-10,60885,68126,89710,17586.0,28825,21584,7241,8.07156392821313
2022-01-11,60163,69547,89192,18057.0,29029,19645,9384,10.521122970670014
2022-01-12,58690,67621,87782,17666.0,29092,20161,8931,10.17406757649632
2022-01-13,58941,66934,88691,18425.0,29750,21757,7993,9.01218838439075
2022-01-14,58499,65690,86547,-37.0,28048,20857,7191,8.308780200353565
2022-01-17,61214,69104,91869,17814.0,30655,22765,7890,8.588315971655291
2022-01-18,63564,69167,91848,17653.0,28284,22681,5603,6.100296141451094
2022-01-19,55017,63105,93501,18218.0,38484,30396,8088,8.650174864439952
2022-01-20,56361,63727,83148,18226.0,26787,19421,7366,8.85890219848944
2022-01-21,56752,65754,86945,17726.0,30193,21191,9002,10.35367186152165
2022-01-24,55460,64829,84758,17367.0,29298,19929,9369,11.05382382783926
2022-01-25,55129,69646,87956,17012.0,32827,18310,14517,16.504843330756287
2022-01-26,55450,69204,85022,17531.0,29572,15818,13754,16.17698948507445
2022-02-07,56958,67836,86221,17899.0,29263,18385,10878,12.616415954349868
2022-02-08,57329,67626,86758,17889.0,29429,19132,10297,11.868646119089881
2022-02-09,59378,64896,88197,18167.0,28819,23301,5518,6.256448632039638
2022-02-10,58993,61650,87308,18235.0,28315,25658,2657,3.043249186787007
2022-02-11,58296,61861,86349,18275.0,28053,24488,3565,4.128594424949913
2022-02-14,56155,61868,83248,17977.0,27093,21380,5713,6.8626273303863154
2022-02-15,55947,59640,80454,17798.0,24507,20814,3693,4.5902006115295695
2022-02-16,50017,52938,83206,17627.0,33189,30268,2921,3.51056414200899
2022-02-17,51969,55765,75396,18177.0,23427,19631,3796,5.034749854103666
2022-02-18,53332,57774,79467,18226.0,26135,21693,4442,5.589741653768231
2022-02-21,52507,58640,79314,18147.0,26807,20674,6133,7.732556673475048
2022-02-22,50871,57701,77888,17878.0,27017,20187,6830,8.769001643385375
2022-02-23,51035,55498,77066,17420.0,26031,21568,4463,5.79114006176524
2022-02-24,52991,60766,83137,17461.0,30146,22371,7775,9.352033390668414
2022-02-25,49505,58653,78923,17493.0,29418,20270,9148,11.591044435715824
2022-03-01,52650,59977,81831,17911.0,29181,21854,7327,8.953819457173932
2022-03-02,51425,60050,81175,17758.0,29750,21125,8625,10.62519248537111
2022-03-03,49712,58030,80220,17902.0,30508,22190,8318,10.368985290451258
2022-03-04,51729,58879,80970,17641.0,29241,22091,7150,8.830431023835988
2022-03-07,50099,59520,84197,17058.0,34098,24677,9421,11.189234770835066
2022-03-08,49245,57727,80050,16078.0,30805,22323,8482,10.595877576514678
2022-03-09,49744,56481,79702,16842.0,29958,23221,6737,8.45273644325111
2022-03-10,51076,52049,79894,16644.0,28818,27845,973,1.2178636693619045
2022-03-11,51292,54063,77818,17082.0,26526,23755,2771,3.560872805777584
2022-03-14,50667,55052,77550,16546.0,26883,22498,4385,5.654416505480335
2022-03-15,54733,62557,85433,16773.0,30700,22876,7824,9.158053679491532
2022-03-16,44133,49632,81423,16855.0,37290,31791,5499,6.7536199845252565
2022-03-17,49068,52587,76648,16675.0,27580,24061,3519,4.591117837386494
2022-03-18,48690,54636,75946,16608.0,27256,21310,5946,7.829247096621284
2022-03-21,50964,55176,79770,17412.0,28806,24594,4212,5.280180518992102
2022-03-22,51648,54888,80075,16755.0,28427,25187,3240,4.046206681236341
2022-03-23,55235,56379,85120,16791.0,29885,28741,1144,1.3439849624060152
2022-03-24,52156,54625,82836,17590.0,30680,28211,2469,2.9805881500796754
2022-03-25,50841,53878,80700,16854.0,29859,26822,3037,3.7633209417596034
2022-03-28,50081,51023,76237,16500.0,26156,25214,942,1.235620499232656
2022-03-29,53429,51464,78867,17545.0,25438,27403,-1965,-2.4915363840389517
2022-03-30,56148,53715,83150,16897.0,27002,29435,-2433,-2.9260372820204448
2022-03-31,52429,54268,80820,17639.0,28391,26552,1839,2.275426874536006
2022-04-01,53785,53486,80173,17554.0,26388,26687,-299,-0.37294350966035944
2022-04-06,53688,52718,80639,17506.0,26951,27921,-970,-1.202891900941232
2022-04-07,54578,55785,83823,16411.0,29245,28038,1207,1.4399389189124705
2022-04-08,56037,54265,82786,17316.0,26749,28521,-1772,-2.140458531635784
2022-04-11,57870,53654,84872,16979.0,27002,31218,-4216,-4.967480441134885
2022-04-12,59316,56300,86400,16999.0,27084,30100,-3016,-3.490740740740741
2022-04-13,61194,57730,88813,16567.0,27619,31083,-3464,-3.900329906657809
2022-04-14,59217,56633,86094,16520.0,26877,29461,-2584,-3.001370594931122
2022-04-15,57751,59732,87734,16367.0,29983,28002,1981,2.2579615656415983
2022-04-18,57683,59458,86440,16228.0,28757,26982,1775,2.0534474780194354
2022-04-19,60027,61723,86596,16226.0,26569,24873,1696,1.9585200240195852
2022-04-20,50711,52134,87377,-65.0,36666,35243,1423,1.628575025464367
2022-04-21,51880,53807,75157,16523.0,23277,21350,1927,2.5639660976356162
2022-04-22,52076,52223,78122,16992.0,26046,25899,147,0.18816722562146387
2022-04-25,50694,52251,79861,16537.0,29167,27610,1557,1.9496374951478193
2022-04-26,50748,53515,80480,15890.0,29732,26965,2767,3.4381212723658052
2022-04-27,52678,59054,83019,15519.0,30341,23965,6376,7.680169599730183
2022-04-28,54484,60017,84936,16108.0,30452,24919,5533,6.514316661957238
2022-04-29,55697,56427,82499,16295.0,26802,26072,730,0.8848592104146716
2022-05-03,53934,56985,82293,15789.0,28359,25308,3051,3.707484233166855
2022-05-04,56090,57958,84422,16519.0,28332,26464,1868,2.2126933737651324
2022-05-05,57524,59291,86059,16684.0,28535,26768,1767,2.0532425429066103
2022-05-06,60504,63289,90750,16355.0,30246,27461,2785,3.0688705234159777
2022-05-09,62289,64796,94431,15719.0,32142,29635,2507,2.6548485137296014
2022-05-10,61415,67901,93546,16039.0,32131,25645,6486,6.933487268295811
2022-05-11,62283,65385,92734,16010.0,30451,27349,3102,3.345051437444734
2022-05-12,65772,68283,96067,15008.0,30295,27784,2511,2.613800784868894
2022-05-13,67852,69310,94591,15147.0,26739,25281,1458,1.5413728578828854
2022-05-16,68376,68310,94357,15921.0,25981,26047,-66,-0.06994711574128046
2022-05-17,68045,66112,94464,16075.0,26419,28352,-1933,-2.046282181571816
2022-05-18,61090,55856,95268,15606.0,34178,39412,-5234,-5.493974891883949
2022-05-19,59970,57218,82787,15250.0,22817,25569,-2752,-3.324193412009132
2022-05-20,62926,56143,86768,15529.0,23842,30625,-6783,-7.817398119122257
2022-05-23,61663,56261,84402,15533.0,22739,28141,-5402,-6.400322267244853
2022-05-24,62732,57956,86901,15926.0,24169,28945,-4776,-5.4959091379846035
2022-05-25,68040,62809,91980,15515.0,23940,29171,-5231,-5.687105892585344
2022-05-26,68938,65049,93742,15567.0,24804,28693,-3889,-4.148620682298223
2022-05-27,72656,64460,97230,16230.0,24574,32770,-8196,-8.429497068805924
2022-05-30,73292,64972,99004,16011.0,25712,34032,-8320,-8.403700860571291
2022-05-31,80428,69857,105640,16682.0,25212,35783,-10571,-10.006626277925028
2022-06-01,83458,71815,107813,15851.0,24355,35998,-11643,-10.799254264328049
2022-06-02,85117,70990,107986,15871.0,22869,36996,-14127,-13.082251402959644
2022-06-06,82736,69406,106259,16600.0,23523,36853,-13330,-12.54481973291674
2022-06-07,79585,68646,102707,15757.0,23122,34061,-10939,-10.650685931825484
2022-06-08,81973,68965,106639,16644.0,24666,37674,-13008,-12.19816389876124
2022-06-09,80426,67671,103974,15918.0,23548,36303,-12755,-12.267489949410429
2022-06-10,81574,70022,105453,15763.0,23879,35431,-11552,-10.954643300806994
2022-06-13,84307,78105,111192,15312.0,26885,33087,-6202,-5.577739405712641
2022-06-14,87720,83752,113995,-452.0,26275,30243,-3968,-3.480854423439624
2022-06-15,60282,63813,105440,16062.0,45158,41627,3531,3.348823975720789
2022-06-16,64496,67278,92989,15410.0,28493,25711,2782,2.991751712568153
2022-06-17,68213,75202,99641,15017.0,31428,24439,6989,7.0141809094649785
2022-06-20,72781,80335,105814,14710.0,33033,25479,7554,7.138941916948608
2022-06-21,72763,82996,105132,15010.0,32369,22136,10233,9.733477913480195
2022-06-22,72290,80291,105354,14675.0,33064,25063,8001,7.5943960362207426
2022-06-23,70674,81236,105433,14722.0,34759,24197,10562,10.017736382347083
2022-06-24,67263,80497,103591,14660.0,36328,23094,13234,12.775241092372887
2022-06-27,69569,80370,104746,15055.0,35177,24376,10801,10.311610944570676
2022-06-28,68957,80777,103875,15192.0,34918,23098,11820,11.379061371841155
2022-06-29,67769,80757,104254,14723.0,36485,23497,12988,12.45803518330232
2022-06-30,70586,83114,109391,14283.0,38805,26277,12528,11.452496092000256
2022-07-01,71828,84276,107621,14175.0,35793,23345,12448,11.566515828695142
2022-07-04,71683,82994,106814,13612.0,35131,23820,11311,10.589435841743592
2022-07-05,68118,81796,103677,13880.0,35559,21881,13678,13.192897171021539
2022-07-06,64951,76509,100884,13500.0,35933,24375,11558,11.456722572459459
2022-07-07,61842,70760,94833,13853.0,32991,24073,8918,9.403899486465681
2022-07-08,61371,65179,90283,14120.0,28912,25104,3808,4.2178483213894085
2022-07-11,58974,61255,86695,14276.0,27721,25440,2281,2.6310629217371244
2022-07-12,62320,62182,91564,13708.0,29244,29382,-138,-0.1507142545105063
2022-07-13,60337,61132,87342,14277.0,27005,26210,795,0.9102150168303909
2022-07-14,57875,61281,85274,14059.0,27399,23993,3406,3.9941834556840305
2022-07-15,55178,58634,83011,13993.0,27833,24377,3456,4.163303658551277
2022-07-18,60861,61460,88137,14650.0,27276,26677,599,0.6796237675437103
2022-07-19,57922,57838,83780,14286.0,25858,25942,-84,-0.10026259250417761
2022-07-20,47975,47656,82520,14222.0,34545,34864,-319,-0.38657295201163355
2022-07-21,49980,46731,72410,14346.0,22430,25679,-3249,-4.486949316392764
2022-07-22,49658,44872,71921,14423.0,22263,27049,-4786,-6.6545237135190005
2022-07-25,50783,44079,73080,14648.0,22297,29001,-6704,-9.173508483853311
2022-07-26,49463,45058,72353,14290.0,22890,27295,-4405,-6.088206432352495
2022-07-27,49366,45106,73577,14380.0,24211,28471,-4260,-5.789852807263139
2022-07-28,50608,44312,75054,14831.0,24446,30742,-6296,-8.388626855330829
2022-07-29,51818,46310,76457,14938.0,24639,30147,-5508,-7.204049334920281
2022-08-01,52533,47266,76020,14782.0,23487,28754,-5267,-6.928439884240989
2022-08-02,53324,47820,78073,14578.0,24749,30253,-5504,-7.049812355103557
2022-08-03,51899,46083,77251,14444.0,25352,31168,-5816,-7.528705130030679
2022-08-04,56533,50193,81210,14290.0,24677,31017,-6340,-7.806920330008619
2022-08-05,58781,51900,85631,14847.0,26850,33731,-6881,-8.035641298128015
2022-08-08,53352,50635,80244,14961.0,26892,29609,-2717,-3.3859229350481033
2022-08-09,56748,51977,82057,14927.0,25309,30080,-4771,-5.814251069378603
2022-08-10,53718,53094,80188,14667.0,26470,27094,-624,-0.7781712974509902
2022-08-11,57194,49642,82478,15090.0,25284,32836,-7552,-9.156381095564878
2022-08-12,56239,50631,81972,15190.0,25733,31341,-5608,-6.84136046454887
2022-08-15,61112,56668,88120,15387.0,27008,31452,-4444,-5.04312301407172
2022-08-16,59339,55204,85921,15422.0,26582,30717,-4135,-4.812560375228408
2022-08-17,49045,45195,82939,15273.0,33894,37744,-3850,-4.641965782080806
2022-08-18,48612,46445,69769,15315.0,21157,23324,-2167,-3.105963966804741
2022-08-19,48629,45573,70271,15218.0,21642,24698,-3056,-4.348877915498569
2022-08-22,46854,47980,72255,15023.0,25401,24275,1126,1.5583696629991004
2022-08-23,45121,48982,73226,15028.0,28105,24244,3861,5.272717340835222
2022-08-24,44120,46736,72759,15035.0,28639,26023,2616,3.5954314930111737
2022-08-25,44623,48603,73437,15145.0,28814,24834,3980,5.419611367566758
2022-08-26,42850,46149,71224,15037.0,28374,25075,3299,4.631865663259576
2022-08-29,42695,43568,71095,14623.0,28400,27527,873,1.2279344538997117
2022-08-30,45728,44238,73508,14810.0,27780,29270,-1490,-2.026990259563585
2022-08-31,55844,53401,83734,14843.0,27890,30333,-2443,-2.917572312322354
2022-09-01,54441,56397,84106,14558.0,29665,27709,1956,2.3256366965495925
2022-09-02,52431,56314,83920,14540.0,31489,27606,3883,4.627025738798856
2022-09-05,51479,53119,81344,14611.0,29865,28225,1640,2.0161290322580645
2022-09-06,51580,54438,82566,14435.0,30986,28128,2858,3.4614732456459074
2022-09-07,48383,55546,83663,14186.0,35280,28117,7163,8.561729796923371
2022-09-08,48240,51805,79632,14522.0,31392,27827,3565,4.4768434800080374
2022-09-12,48604,49809,77475,14794.0,28871,27666,1205,1.5553404323975477
2022-09-13,49950,49215,76924,14748.0,26974,27709,-735,-0.9554885341375904
2022-09-14,48350,48475,77207,14577.0,28857,28732,125,0.16190241817451786
2022-09-15,51757,48109,78984,14470.0,27227,30875,-3648,-4.618656943178365
2022-09-16,52828,49898,80676,14385.0,27848,30778,-2930,-3.6318111953988796
2022-09-19,56820,56783,86422,14260.0,29602,29639,-37,-0.04281317257179885
2022-09-20,57356,53541,83951,14480.0,26595,30410,-3815,-4.544317518552489
2022-09-21,47513,44224,83658,14385.0,36145,39434,-3289,-3.931482942456191
2022-09-22,48942,45936,74568,13588.0,25626,28632,-3006,-4.031219826198906
2022-09-23,48480,47398,77822,14074.0,29342,30424,-1082,-1.39035234252525
2022-09-26,47719,51363,80917,13758.0,33198,29554,3644,4.503380006673504
2022-09-27,47102,50981,80716,13774.0,33614,29735,3879,4.805738639179345
2022-09-28,48796,51891,82936,12871.0,34140,31045,3095,3.7317931899295846
2022-09-29,47597,52596,81220,13481.0,33623,28624,4999,6.154887958630879
2022-09-30,47964,53793,80712,13395.0,32748,26919,5829,7.22197442759441
2022-10-03,48209,54435,80677,13258.0,32468,26242,6226,7.717193252104069
2022-10-04,51203,56723,83112,13597.0,31909,26389,5520,6.641640196361537
2022-10-05,56247,49269,79265,13770.0,23018,29996,-6978,-8.8033810635211
2022-10-06,53097,50707,78132,13825.0,25035,27425,-2390,-3.058925920237547
2022-10-07,50896,50793,77399,13689.0,26503,26606,-103,-0.1330766547371413
2022-10-11,53778,53247,83527,12931.0,29749,30280,-531,-0.6357225807224012
2022-10-12,50435,52442,80131,13076.0,29696,27689,2007,2.504648637855512
2022-10-13,54617,51251,82975,12812.0,28358,31724,-3366,-4.05664356733956
2022-10-14,53873,51133,81674,12459.0,27801,30541,-2740,-3.3548007933981436
2022-10-17,57798,57880,86045,12870.0,28247,28165,82,0.09529897146841769
2022-10-18,57431,57647,86831,13103.0,29400,29184,216,0.2487590837373749
2022-10-19,47313,46628,86680,12860.0,39367,40052,-685,-0.7902630364559299
2022-10-20,48113,45915,72395,12144.0,24282,26480,-2198,-3.03612127909386
2022-10-21,50965,45367,74809,12779.0,23844,29442,-5598,-7.483056851448355
2022-10-24,49125,48243,74916,12848.0,25791,26673,-882,-1.1773185968284479
2022-10-25,49704,50193,76897,12682.0,27193,26704,489,0.6359155753800538
2022-10-26,52628,47744,77148,12725.0,24520,29404,-4884,-6.330689065173432
2022-10-27,52109,50201,79541,12913.0,27432,29340,-1908,-2.3987629021510917
2022-10-28,50030,51865,78968,12764.0,28938,27103,1835,2.3237260662546855
2022-10-31,51477,50272,79203,12943.0,27726,28931,-1205,-1.5214070174109566
2022-11-01,51398,52724,81009,12995.0,29611,28285,1326,1.6368551642410103
2022-11-02,51521,51568,79225,13054.0,27704,27657,47,0.059324708109813815
2022-11-03,49538,50481,78390,12878.0,28852,27909,943,1.2029595611685162
2022-11-04,50770,52108,80257,12985.0,29487,28149,1338,1.6671442989396563
2022-11-07,51994,52481,81943,13100.0,29949,29462,487,0.5943155608166653
2022-11-08,52632,54070,82068,13334.0,29436,27998,1438,1.752205488131793
2022-11-09,56401,52521,83752,13536.0,27351,31231,-3880,-4.632725188652211
2022-11-10,50468,53969,79064,13477.0,28596,25095,3501,4.428058281898209
2022-11-11,61322,56394,83432,13956.0,22110,27038,-4928,-5.906606577811871
2022-11-14,64956,62612,87424,13477.0,22468,24812,-2344,-2.681185944363104
2022-11-15,74178,71001,96825,13776.0,22647,25824,-3177,-3.2811773818745156
2022-11-16,55958,50544,87088,13838.0,31130,36544,-5414,-6.2167003490722035
2022-11-17,55574,51808,73416,14513.0,17842,21608,-3766,-5.129672006102212
2022-11-18,57952,50239,75411,14308.0,17459,25172,-7713,-10.227950829454588
2022-11-21,58150,51750,76597,14362.0,18447,24847,-6400,-8.35541861952818
2022-11-22,58395,52093,78209,14349.0,19814,26116,-6302,-8.057896150059456
2022-11-23,59677,51110,78031,14531.0,18354,26921,-8567,-10.978969896579564
2022-11-24,61550,55251,82742,14600.0,21192,27491,-6299,-7.612820574798771
2022-11-25,61646,57857,84110,14098.0,22464,26253,-3789,-4.504815123053145
2022-11-28,62471,54891,82240,14380.0,19769,27349,-7580,-9.21692607003891
2022-11-29,62656,54042,83969,14602.0,21313,29927,-8614,-10.258547797401423
2022-11-30,68025,57853,88289,14800.0,20264,30436,-10172,-11.521254063360102
2022-12-01,65415,61601,88014,14977.0,22599,26413,-3814,-4.333401504306133
2022-12-02,67938,65856,91547,14734.0,23609,25691,-2082,-2.2742416463674395
2022-12-05,70148,66125,93014,14354.0,22866,26889,-4023,-4.325155352957619
2022-12-06,67999,66539,93693,14630.0,25694,27154,-1460,-1.5582807680403017
2022-12-07,68306,64099,92174,13971.0,23868,28075,-4207,-4.564193807364333
2022-12-08,67428,64104,92014,14461.0,24586,27910,-3324,-3.6124937509509425
2022-12-09,65080,59687,88275,14616.0,23195,28588,-5393,-6.109317473803455
2022-12-12,66554,60370,88558,14581.0,22004,28188,-6184,-6.982994195894217
2022-12-13,64905,61843,89555,14519.0,24650,27712,-3062,-3.4191279102227683
2022-12-14,67411,64665,92736,14622.0,25325,28071,-2746,-2.961093857832988
2022-12-15,68126,62882,92161,14040.0,24035,29279,-5244,-5.690042425754928
2022-12-16,68719,62745,92714,14461.0,23995,29969,-5974,-6.443471320404686
2022-12-19,69956,61039,92746,13739.0,22790,31707,-8917,-9.614430811032282
2022-12-20,72050,63581,95996,14056.0,23946,32415,-8469,-8.822242593441393
2022-12-21,61083,51061,90168,14101.0,29085,39107,-10022,-11.114807914115872
2022-12-22,63304,50531,83198,14206.0,19894,32667,-12773,-15.352532512800787
2022-12-23,61361,50677,82466,14190.0,21105,31789,-10684,-12.95564232532195
2022-12-26,62508,50802,82704,14077.0,20196,31902,-11706,-14.154091700522345
2022-12-27,62769,50623,83971,14272.0,21202,33348,-12146,-14.46451751199819
2022-12-28,62126,50723,84941,13390.0,22815,34218,-11403,-13.424612378003555
2022-12-29,60393,49836,82812,13967.0,22419,32976,-10557,-12.74815244167512
2022-12-30,61833,47046,81419,14097.0,19586,34373,-14787,-18.161608469767497
2023-01-03,57739,46459,78921,13502.0,21182,32462,-11280,-14.292773786444673
2023-01-04,53721,43479,75371,14059.0,21650,31892,-10242,-13.588780830823527
2023-01-05,55840,42104,76778,13634.0,20938,34674,-13736,-17.890541561384772
2023-01-06,56534,45118,78318,-37.0,21784,33200,-11416,-14.576470287801016
2023-01-09,57704,45684,79438,14682.0,21734,33754,-12020,-15.131297363981973
2023-01-10,54932,45247,76556,14742.0,21624,31309,-9685,-12.65086995140812
2023-01-11,52104,46364,75216,14022.0,23112,28852,-5740,-7.631355030844501
2023-01-12,52146,45514,75169,14768.0,23023,29655,-6632,-8.822785988905
2023-01-13,57230,46325,78281,14079.0,21051,31956,-10905,-13.930583411044825
2023-01-16,60944,51619,82991,14267.0,22047,31372,-9325,-11.236158137629381
2023-01-17,60850,52307,80518,14282.0,19668,28211,-8543,-10.610049926724459
2023-01-30,53034,45793,79820,14710.0,26786,34027,-7241,-9.071661237785015
2023-01-31,51556,50322,70856,15201.0,19300,20534,-1234,-1.7415603477475443
2023-02-01,51144,47782,69437,15300.0,18293,21655,-3362,-4.84179904085718
2023-02-02,55051,46470,72761,14916.0,17710,26291,-8581,-11.793405808056514
2023-02-03,54386,45710,70804,15579.0,16418,25094,-8676,-12.25354499745777
2023-02-06,54808,47773,72706,14672.0,17898,24933,-7035,-9.675955216900944
2023-02-07,53869,47292,73201,15396.0,19332,25909,-6577,-8.984849933744075
2023-02-08,58386,47224,77815,15482.0,19429,30591,-11162,-14.344278095482876
2023-02-09,56185,45699,75067,15601.0,18882,29368,-10486,-13.968854489988944
2023-02-10,58044,47239,76938,14929.0,18894,29699,-10805,-14.043775507551533
2023-02-13,60774,49176,79821,14808.0,19047,30645,-11598,-14.53001089938738
2023-02-14,54848,45077,74827,15020.0,19979,29750,-9771,-13.058120731821402
2023-02-15,47265,40438,75722,14668.0,28457,35284,-6827,-9.015873854362008
2023-02-16,52438,38856,71122,15472.0,18684,32266,-13582,-19.096763308118444
2023-02-17,51036,36822,68355,14718.0,17319,31533,-14214,-20.794382269036646
2023-02-20,52405,37394,71248,15436.0,18843,33854,-15011,-21.068661576465303
2023-02-21,52062,37085,69947,14908.0,17885,32862,-14977,-21.411926172673596
2023-02-22,53641,37283,71896,14599.0,18255,34613,-16358,-22.752308890619783
2023-02-23,55807,39681,75948,15550.0,20141,36267,-16126,-21.23294885974614
2023-02-24,52767,39603,72670,15542.0,19903,33067,-13164,-18.11476537773497
2023-03-01,52732,37800,73402,14900.0,20670,35602,-14932,-20.342769951772432
2023-03-02,54070,38414,74425,15542.0,20355,36011,-15656,-21.03594222371515
2023-03-03,54521,41380,77419,15568.0,22898,36039,-13141,-16.973869463568374
2023-03-06,53277,41383,77895,15713.0,24618,36512,-11894,-15.269272738943448
2023-03-07,55393,41772,79089,15837.0,23696,37317,-13621,-17.22236973536143
2023-03-08,50590,39855,73982,15785.0,23392,34127,-10735,-14.510286285853317
2023-03-09,52485,41936,76028,15046.0,23543,34092,-10549,-13.875151260062083
2023-03-10,53247,47100,79340,15484.0,26093,32240,-6147,-7.747668263171162
2023-03-13,52775,42567,75667,14880.0,22892,33100,-10208,-13.490689468328334
2023-03-14,51249,43054,75526,14660.0,24277,32472,-8195,-10.850568016312263
2023-03-15,46846,39759,77652,15250.0,30806,37893,-7087,-9.126616185030649
2023-03-16,45973,40500,68600,15227.0,22627,28100,-5473,-7.978134110787172
2023-03-17,49660,38414,69545,14760.0,19885,31131,-11246,-16.170824645912717
2023-03-20,47414,38139,69157,15307.0,21743,31018,-9275,-13.41151293433781
2023-03-21,47451,36751,69354,14828.0,21903,32603,-10700,-15.42809354903827
2023-03-22,55245,36167,76653,15630.0,21408,40486,-19078,-24.88878452245835
2023-03-23,58089,38468,79827,15739.0,21738,41359,-19621,-24.57940295889862
2023-03-24,55902,40192,79319,15192.0,23417,39127,-15710,-19.80609942132402
2023-03-27,50857,42389,74920,15119.0,24063,32531,-8468,-11.302722904431393
2023-03-28,50645,42399,75409,15596.0,24764,33010,-8246,-10.935034279727883
2023-03-29,52404,41398,75249,15049.0,22845,33851,-11006,-14.626107988146023
2023-03-30,52410,39771,74939,15726.0,22529,35168,-12639,-16.865717450192825
2023-03-31,51462,42047,76154,15771.0,24692,34107,-9415,-12.363106337158914
2023-04-06,53799,41827,74835,15760.0,21036,33008,-11972,-15.997861962985235
2023-04-07,53703,41727,76135,15818.0,22432,34408,-11976,-15.729953372299205
2023-04-10,55532,41924,77915,15849.0,22383,35991,-13608,-17.465186421099915
2023-04-11,55006,42656,78411,15921.0,23405,35755,-12350,-15.750341151114004
2023-04-12,53639,41231,76417,15821.0,22778,35186,-12408,-16.23722470130992
2023-04-13,54060,41867,77070,15816.0,23010,35203,-12193,-15.820682496431814
2023-04-14,59694,45297,82691,15256.0,22997,37394,-14397,-17.41060091182837
2023-04-17,59790,46377,82568,15882.0,22778,36191,-13413,-16.24479217130123
2023-04-18,58219,48056,81515,15170.0,23296,33459,-10163,-12.46764399190333
2023-04-19,49508,42400,82069,15240.0,32561,39669,-7108,-8.661004764283712
2023-04-20,50750,40747,70987,15408.0,20237,30240,-10003,-14.091312493836899
2023-04-21,53679,42247,76377,15295.0,22698,34130,-11432,-14.967856815533473
2023-04-24,55902,43100,77205,15623.0,21303,34105,-12802,-16.581827601839258
2023-04-25,53715,49327,82050,14917.0,28335,32723,-4388,-5.347958561852529
2023-04-26,53974,51040,81820,15079.0,27846,30780,-2934,-3.5859203128819357
2023-04-27,54065,47360,80051,15427.0,25986,32691,-6705,-8.375910357147319
2023-04-28,55986,45617,79204,14997.0,23218,33587,-10369,-13.091510529771226
2023-05-02,57524,46168,80735,15060.0,23211,34567,-11356,-14.065770731405214
2023-05-03,56211,45226,79177,15552.0,22966,33951,-10985,-13.873978554378166
2023-05-04,57308,41605,78844,15005.0,21536,37239,-15703,-19.91654406169144
2023-05-05,56824,41660,78073,15258.0,21249,36413,-15164,-19.422847847527315
2023-05-08,54836,41355,76280,15120.0,21444,34925,-13481,-17.67304667016256
2023-05-09,55577,41036,76164,15739.0,20587,35128,-14541,-19.09169686466047
2023-05-10,49692,43619,75691,15240.0,25999,32072,-6073,-8.023410973563568
2023-05-11,50549,46461,78324,14944.0,27775,31863,-4088,-5.219345283693376
2023-05-12,51603,46948,78277,14937.0,26674,31329,-4655,-5.9468298478480275
2023-05-15,62374,55522,87934,14889.0,25560,32412,-6852,-7.792207792207792
2023-05-16,63437,46993,86565,15130.0,23128,39572,-16444,-18.996130075665686
2023-05-17,61373,45905,94195,15301.0,32822,48290,-15468,-16.421253782047877
2023-05-18,63265,48313,82033,16070.0,18768,33720,-14952,-18.22681116136189
2023-05-19,62721,49791,82414,16129.0,19693,32623,-12930,-15.689081952095519
2023-05-22,63159,51163,83711,16116.0,20552,32548,-11996,-14.330255283057186
2023-05-23,65503,55032,86982,15633.0,21479,31950,-10471,-12.038122830010806
2023-05-24,66386,56716,88403,15646.0,22017,31687,-9670,-10.938542809633157
2023-05-25,67672,57573,90072,15773.0,22400,32499,-10099,-11.212141397992717
2023-05-26,69404,55307,90504,15952.0,21100,35197,-14097,-15.576107133386369
2023-05-29,67897,56341,90336,16570.0,22439,33995,-11556,-12.792242295430393
2023-05-30,69283,57886,91356,16200.0,22073,33470,-11397,-12.47537107579141
2023-05-31,69344,60074,91545,16489.0,22201,31471,-9270,-10.126167458626904
2023-06-01,69396,60492,92986,16038.0,23590,32494,-8904,-9.575635041834255
2023-06-02,71664,61787,94467,16710.0,22803,32680,-9877,-10.45550297987657
2023-06-05,68352,60565,90830,16215.0,22478,30265,-7787,-8.57315864802378
2023-06-06,68638,60856,92317,16431.0,23679,31461,-7782,-8.42965001029063
2023-06-07,71389,60697,93744,16889.0,22355,33047,-10692,-11.405529953917052
2023-06-08,69036,60278,90412,16719.0,21376,30134,-8758,-9.68676724328629
2023-06-09,67879,60969,91233,16580.0,23354,30264,-6910,-7.574013788870255
2023-06-12,68004,60390,91092,16525.0,23088,30702,-7614,-8.358582531945725
2023-06-13,71566,64182,95404,16982.0,23838,31222,-7384,-7.739717412267829
2023-06-14,67657,63644,92083,16800.0,24426,28439,-4013,-4.358024825429233
2023-06-15,69173,62603,93658,17337.0,24485,31055,-6570,-7.014883939439237
2023-06-16,71058,66617,95586,17020.0,24528,28969,-4441,-4.646077877513443
2023-06-19,74643,68008,98166,17255.0,23523,30158,-6635,-6.7589593138153745
2023-06-20,77167,73344,100088,16929.0,22921,26744,-3823,-3.8196387179282234
2023-06-21,58715,57435,94058,-228.0,35343,36623,-1280,-1.3608624465755172
2023-06-26,60430,61360,82222,16760.0,21792,20862,930,1.1310841380652379
2023-06-27,58365,61948,82744,16743.0,24379,20796,3583,4.330223339456637
2023-06-28,58152,62737,83378,16776.0,25226,20641,4585,5.499052507855789
2023-06-29,57008,64841,84890,16600.0,27882,20049,7833,9.227235245611968
2023-06-30,55669,62652,83604,16788.0,27935,20952,6983,8.352471173628057
2023-07-03,60088,63540,87492,16810.0,27404,23952,3452,3.945503588899556
2023-07-04,61390,62430,87757,16886.0,26367,25327,1040,1.1850906480394727
2023-07-05,58416,64278,87041,16948.0,28625,22763,5862,6.734757183396331
2023-07-06,55990,63727,87219,16541.0,31229,23492,7737,8.870773569979018
2023-07-07,56021,60644,84985,16546.0,28964,24341,4623,5.43978349120433
2023-07-10,55967,58260,83464,16550.0,27497,25204,2293,2.74729224575865
2023-07-11,58448,58443,86600,-76.0,28152,28157,-5,-0.005773672055427252
2023-07-12,57425,59814,85806,16833.0,28381,25992,2389,2.7841875859497005
2023-07-13,58804,61154,86518,16831.0,27714,25364,2350,2.716197785431933
2023-07-14,61849,63636,88727,17033.0,26878,25091,1787,2.0140430759520775
2023-07-17,59858,63139,86616,17101.0,26758,23477,3281,3.7879837443428466
2023-07-18,54217,57721,81757,17225.0,27540,24036,3504,4.2858715461673
2023-07-19,47459,51677,79954,16864.0,32495,28277,4218,5.2755334317232405
2023-07-20,51074,53668,73008,17126.0,21934,19340,2594,3.553035283804515
2023-07-21,50710,56879,74463,16716.0,23753,17584,6169,8.28465143762674
2023-07-24,51948,54679,74173,16938.0,22225,19494,2731,3.6819327787739478
2023-07-25,55044,55903,80070,17180.0,25026,24167,859,1.072811290121144
2023-07-26,52170,56195,78686,16925.0,26516,22491,4025,5.115268281524033
2023-07-27,52274,54363,78493,17175.0,26219,24130,2089,2.6613838176652695
2023-07-28,51961,54961,78820,17212.0,26859,23859,3000,3.8061405734585128
2023-07-31,49185,58142,79645,16967.0,30460,21503,8957,11.246154811978153
2023-08-01,49249,54368,78343,17118.0,29094,23975,5119,6.534087282845946
2023-08-02,47244,58516,80314,16590.0,33070,21798,11272,14.034912966606072
2023-08-04,49874,56438,79084,16719.0,29210,22646,6564,8.300035405391736
2023-08-07,50194,53542,78092,16932.0,27898,24550,3348,4.287250934794858
2023-08-08,48335,52739,76242,16724.0,27907,23503,4404,5.776343747540726
2023-08-09,47460,50320,75097,16802.0,27637,24777,2860,3.8084077925882522
2023-08-10,43718,50295,74665,16604.0,30947,24370,6577,8.808678765151008
2023-08-11,44356,49622,74109,16603.0,29753,24487,5266,7.10574963904519
2023-08-14,44140,56183,78784,16336.0,34644,22601,12043,15.286098700243706
2023-08-15,41493,50376,72555,16366.0,31062,22179,8883,12.243125904486252
2023-08-16,36616,43250,72090,16322.0,35474,28840,6634,9.202385906505757
2023-08-17,41695,44110,65452,16452.0,23757,21342,2415,3.689726822709772
2023-08-18,41158,45561,66947,16352.0,25789,21386,4403,6.576844369426562
2023-08-21,38800,49148,68800,16338.0,30000,19652,10348,15.040697674418604
2023-08-22,38500,47686,67041,16401.0,28541,19355,9186,13.702062916722602
2023-08-23,40156,47727,69556,16438.0,29400,21829,7571,10.884754730001726
2023-08-24,39475,44279,66132,16733.0,26657,21853,4804,7.264259360067743
2023-08-25,36582,50296,71529,16316.0,34947,21233,13714,19.172643263571416
2023-08-28,37668,48008,70407,16377.0,32739,22399,10340,14.686039740366724
2023-08-29,38732,45301,68415,16545.0,29683,23114,6569,9.601695534604984
2023-08-30,37022,45142,67396,16710.0,30374,22254,8120,12.048192771084338
2023-08-31,36294,45545,66745,16572.0,30451,21200,9251,13.860214248258295
2023-09-01,37496,45620,68001,16631.0,30505,22381,8124,11.946883134071557
2023-09-04,39935,44791,69824,16758.0,29889,25033,4856,6.9546287809349225
2023-09-05,38504,44889,68325,16754.0,29821,23436,6385,9.345042078302232
2023-09-06,38377,44228,67826,16700.0,29449,23598,5851,8.626485418571049
2023-09-07,39818,43996,68881,16560.0,29063,24885,4178,6.06553331107272
2023-09-08,41013,46153,71227,16524.0,30214,25074,5140,7.216364580847151
2023-09-11,40461,47907,71982,16325.0,31521,24075,7446,10.34425272984913
2023-09-12,42278,45496,71655,16540.0,29377,26159,3218,4.490963645244575
2023-09-13,43344,45082,70266,16528.0,26922,25184,1738,2.473458002447841
2023-09-14,49737,49216,77685,16838.0,27948,28469,-521,-0.6706571410182146
2023-09-15,48121,49792,76541,16801.0,28420,26749,1671,2.183143674631897
2023-09-18,48989,53966,77841,16709.0,28852,23875,4977,6.39380275176321
2023-09-19,47717,54232,77440,16615.0,29723,23208,6515,8.412964876033058
2023-09-20,39066,44463,73172,16506.0,34106,28709,5397,7.375772153282677
2023-09-21,41566,52968,73832,16316.0,32266,20864,11402,15.443168273919166
2023-09-22,40976,49563,71775,16323.0,30799,22212,8587,11.96377568791362
2023-09-25,41267,45184,70115,16456.0,28848,24931,3917,5.586536404478356
2023-09-26,40449,44205,71141,16000.0,30692,26936,3756,5.279655894631788
2023-09-27,39501,45271,70681,16310.0,31180,25410,5770,8.16343854784171
2023-09-28,38908,45808,69560,16368.0,30652,23752,6900,9.919493962047152
2023-10-02,41133,45548,71161,16538.0,30028,25613,4415,6.204241087112323
2023-10-03,40909,46644,70735,16418.0,29826,24091,5735,8.10772601965081
2023-10-04,42318,48214,74167,16181.0,31849,25953,5896,7.9496271926867745
2023-10-05,45749,46207,73666,16460.0,27917,27459,458,0.6217250834849184
2023-10-06,45182,46816,71054,16248.0,25872,24238,1634,2.2996594139668423
2023-10-11,45800,46412,70834,16717.0,25034,24422,612,0.8639918683118277
2023-10-12,51901,49630,76447,16848.0,24546,26817,-2271,-2.9706855730113677
2023-10-13,53667,49769,76686,16792.0,23019,26917,-3898,-5.083066009441097
2023-10-16,53647,51326,76109,16648.0,22462,24783,-2321,-3.049573637808932
2023-10-17,50523,49372,73090,16672.0,22567,23718,-1151,-1.574770830482966
2023-10-18,39326,47729,77284,16248.0,37958,29555,8403,10.872884426271932
2023-10-19,39764,45843,67348,16479.0,27584,21505,6079,9.02625170754885
2023-10-20,40869,46084,67918,16413.0,27049,21834,5215,7.678376866221032
2023-10-23,42226,53147,75751,16260.0,33525,22604,10921,14.416971393116922
2023-10-24,42331,54235,74034,16346.0,31703,19799,11904,16.079098792446715
2023-10-25,41627,49724,71998,16358.0,30371,22274,8097,11.246145726270173
2023-10-26,43174,55329,79784,16089.0,36610,24455,12155,15.234884187305726
2023-10-27,40090,48613,73886,16151.0,33796,25273,8523,11.5353382237501
2023-10-30,40526,51927,75162,16157.0,34636,23235,11401,15.168569223809905
2023-10-31,42009,55835,80734,16013.0,38725,24899,13826,17.12537468724453
2023-11-01,42666,54198,78522,16048.0,35856,24324,11532,14.686329945747689
2023-11-02,48250,50779,78354,16390.0,30104,27575,2529,3.227659085688031
2023-11-03,49562,47619,75852,16532.0,26290,28233,-1943,-2.5615672625639405
2023-11-06,54699,47720,79104,16670.0,24405,31384,-6979,-8.822562702265373
2023-11-07,58595,49258,81527,16709.0,22932,32269,-9337,-11.452647589142249
2023-11-08,59035,50373,83415,16750.0,24380,33042,-8662,-10.384223461008212
2023-11-09,61389,53153,84786,16764.0,23397,31633,-8236,-9.713867855542189
2023-11-10,63585,51627,84693,16740.0,21108,33066,-11958,-14.1192306329921
2023-11-13,59537,52544,82008,16881.0,22471,29464,-6993,-8.52721685689201
2023-11-14,62280,57015,87433,16968.0,25153,30418,-5265,-6.021753800052611
2023-11-15,53340,49663,84584,17162.0,31244,34921,-3677,-4.347157854913459
2023-11-16,56248,51841,76647,17196.0,20399,24806,-4407,-5.749735801792634
2023-11-17,59947,56000,81735,17219.0,21788,25735,-3947,-4.829020615403437
2023-11-20,62628,59632,83965,17210.0,21337,24333,-2996,-3.5681533972488535
2023-11-21,67631,63349,91624,17415.0,23993,28275,-4282,-4.673448004889549
2023-11-22,65514,67431,90530,17284.0,25016,23099,1917,2.117530100519165
2023-11-23,67776,65230,90279,17307.0,22503,25049,-2546,-2.820146434940573
2023-11-24,67446,65442,90104,17293.0,22658,24662,-2004,-2.2240965994850392
2023-11-27,66292,63450,89434,17180.0,23142,25984,-2842,-3.1777623722521637
2023-11-28,68661,64180,91905,17360.0,23244,27725,-4481,-4.875686850552201
2023-11-29,66758,65316,91350,17338.0,24592,26034,-1442,-1.5785440613026822
2023-11-30,68281,65657,91539,17393.0,23258,25882,-2624,-2.8665377598619166
2023-12-01,71158,65985,94023,17421.0,22865,28038,-5173,-5.501845293172948
2023-12-04,68157,65691,91518,17417.0,23361,25827,-2466,-2.694551891431194
2023-12-05,67962,66917,92824,17315.0,24862,25907,-1045,-1.1257864345427906
2023-12-06,66089,66345,91719,17383.0,25630,25374,256,0.27911337890731475
2023-12-07,66537,67303,93090,17272.0,26553,25787,766,0.822859598238264
2023-12-08,67787,67759,93303,17388.0,25516,25544,-28,-0.030009753169780176
2023-12-11,68578,69067,94486,17418.0,25908,25419,489,0.5175369896069258
2023-12-12,68485,70274,95063,17466.0,26578,24789,1789,1.88190989133522
2023-12-13,67438,70203,94534,17453.0,27096,24331,2765,2.9248735904542285
2023-12-14,73311,74448,100253,17666.0,26942,25805,1137,1.1341306494568741
2023-12-15,73958,76252,101456,17666.0,27498,25204,2294,2.2610786942122694
2023-12-18,73974,78553,101127,17646.0,27153,22574,4579,4.527969780572943
2023-12-19,73746,81174,103329,17556.0,29583,22155,7428,7.188688557907268
2023-12-20,64912,69869,101847,17658.0,36935,31978,4957,4.867104578436282
2023-12-21,65542,75766,94236,17512.0,28694,18470,10224,10.849356933655928
2023-12-22,64354,72474,91444,17555.0,27090,18970,8120,8.8797515419273
2023-12-25,65404,71822,93060,17608.0,27656,21238,6418,6.896625832796046
2023-12-26,67843,73092,96521,17465.0,28678,23429,5249,5.438194796987184
2023-12-27,74250,77514,102980,17816.0,28730,25466,3264,3.169547484948534
2023-12-28,76436,80311,104645,17852.0,28209,24334,3875,3.7029958430885377
2023-12-29,77320,82856,106597,17817.0,29277,23741,5536,5.193391934106963
2024-01-02,78476,84435,107525,17785.0,29049,23090,5959,5.541966984422228
2024-01-03,74603,89232,111298,17546.0,36695,22066,14629,13.143991805782672
2024-01-04,71715,84381,107128,17545.0,35413,22747,12666,11.82323948920917
2024-01-05,72588,83583,107431,17492.0,34843,23848,10995,10.234476082322608
2024-01-08,75012,84664,108797,17516.0,33785,24133,9652,8.871568149857072
2024-01-09,73666,88207,110747,17545.0,37081,22540,14541,13.129926770025374
2024-01-10,71775,87986,110195,17432.0,38420,22209,16211,14.711193792821817
2024-01-11,74851,90401,110799,17250.0,35948,20398,15550,14.034422693345608
2024-01-12,74178,90793,109853,17470.0,35675,19060,16615,15.124757630651873
2024-01-15,75621,89234,109577,17536.0,33956,20343,13613,12.423227502121795
2024-01-16,69087,83870,104301,17308.0,35214,20431,14783,14.173401980805552
2024-01-17,56234,69677,106979,17220.0,50745,37302,13443,12.566017629628245
2024-01-18,54421,67071,83753,17280.0,29332,16682,12650,15.103936575406255
2024-01-19,60859,60745,87492,17654.0,26633,26747,-114,-0.13029762721163077
2024-01-22,58881,60833,85625,17817.0,26744,24792,1952,2.27970802919708
2024-01-23,60201,58916,86137,17806.0,25936,27221,-1285,-1.4918095591905918
2024-01-24,57624,56895,85022,17529.0,27398,28127,-729,-0.8574251370233587
2024-01-25,61656,56889,86899,17995.0,25243,30010,-4767,-5.485678776510662
2024-01-26,61567,56778,87133,17980.0,25566,30355,-4789,-5.496195471291014
2024-01-29,62905,58508,90348,18125.0,27443,31840,-4397,-4.86673750387391
2024-01-30,59722,57537,86198,0.0,26476,28661,-2185,-2.5348615977168842
2024-01-31,57044,58299,84268,-407.0,27224,25969,1255,1.4892960554421608
2024-02-01,57184,60210,85343,-16.0,28159,25133,3026,3.545692089567978
2024-02-02,56322,61417,85984,0.0,29662,24567,5095,5.925521027167846
2024-02-05,56250,60026,83617,18086.0,27367,23591,3776,4.515828121075858
2024-02-15,63229,65120,87939,18667.0,24710,22819,1891,2.150354222813541
2024-02-16,60997,65896,87101,18255.0,26104,21205,4899,5.624504885133351
2024-02-19,66198,68624,92475,18671.0,26277,23851,2426,2.623411732900784
2024-02-20,69074,66329,94650,18753.0,25576,28321,-2745,-2.900158478605388
2024-02-21,53639,53016,87043,18692.0,33404,34027,-623,-0.7157381983617292
2024-02-22,54232,53213,77453,18889.0,23221,24240,-1019,-1.3156365796031142
2024-02-23,54621,51537,78140,18913.0,23519,26603,-3084,-3.9467622216534424
2024-02-26,56333,52253,80421,0.0,24088,28168,-4080,-5.07330174954303
2024-02-27,55843,53156,79577,18867.0,23734,26421,-2687,-3.3766037925531247
2024-02-29,55172,52187,80725,0.0,25553,28538,-2985,-3.6977392381542273
2024-03-01,52517,53121,79240,18628.0,26723,26119,604,0.762241292276628
2024-03-04,56427,52032,82614,0.0,26187,30582,-4395,-5.319921562931222
2024-03-05,55421,51453,82468,19389.0,27047,31015,-3968,-4.811563273027113
2024-03-06,55166,50700,82183,0.0,27017,31483,-4466,-5.43421388851709
2024-03-07,54696,51074,82045,-9.0,27349,30971,-3622,-4.414650496678652
2024-03-08,52623,53561,81702,19791.0,29079,28141,938,1.148074710533402
2024-03-11,50396,56671,79663,0.0,29267,22992,6275,7.876931574256556
2024-03-12,52856,60020,83593,19955.0,30737,23573,7164,8.57009558216597
2024-03-13,51983,59077,83523,0.0,31540,24446,7094,8.493468864863571
2024-03-14,55321,62121,86349,0.0,31028,24228,6800,7.875018818978795
2024-03-15,58739,67543,90880,19730.0,32141,23337,8804,9.6875
2024-03-18,58030,66578,91251,19935.0,33221,24673,8548,9.367568574590964
2024-03-19,58365,66615,90034,19867.0,31669,23419,8250,9.163205011440123
2024-03-20,45026,51201,90198,19833.0,45172,38997,6175,6.846049801547706
2024-03-21,49693,46853,77331,20264.0,27638,30478,-2840,-3.672524602035406
2024-03-22,42767,48501,72743,20242.0,29976,24242,5734,7.882545399557346
2024-03-25,42690,48978,73470,0.0,30780,24492,6288,8.55859534503879
2024-03-26,42948,51133,74674,20207.0,31726,23541,8185,10.960977046897181
2024-03-27,45009,50955,75800,20261.0,30791,24845,5946,7.844327176781003
2024-03-28,46686,53344,77879,20203.0,31193,24535,6658,8.549159593728733
2024-03-29,49542,51194,79920,20280.0,30378,28726,1652,2.067067067067067
2024-04-01,48259,51602,79841,20288.0,31582,28239,3343,4.187071805212861
2024-04-02,55166,52522,85772,20523.0,30606,33250,-2644,-3.08259105535606
2024-04-03,47277,53785,80625,20349.0,33348,26840,6508,8.071937984496124
2024-04-08,48410,53738,81033,20450.0,32623,27295,5328,6.575099033727
2024-04-09,56325,52058,85153,0.0,28828,33095,-4267,-5.010980235575963
2024-04-10,53408,54026,83472,20851.0,30064,29446,618,0.7403680276020701
2024-04-11,50738,61139,85065,20783.0,34327,23926,10401,12.227120437312642
2024-04-12,52138,60507,85971,20755.0,33833,25464,8369,9.734677972804782
2024-04-15,50721,64130,87756,-69.0,37035,23626,13409,15.279866903687497
2024-04-16,55854,68344,87738,19953.0,31884,19394,12490,14.235564977546785
2024-04-17,45879,57413,85540,20238.0,39661,28127,11534,13.483750292260929
2024-04-18,46539,54453,74118,20230.0,27579,19665,7914,10.67756820205618
2024-04-19,44555,55971,73632,19546.0,29077,17661,11416,15.50412863972186
2024-04-22,41759,50850,68932,-6.0,27173,18082,9091,13.188359542737771
2024-04-23,44183,51048,71457,19668.0,27274,20409,6865,9.607176343815162
2024-04-24,46650,52199,75349,20170.0,28699,23150,5549,7.364397669511208
2024-04-25,43845,52935,73091,-15.0,29246,20156,9090,12.436551695831225
2024-04-26,47054,52625,73879,20178.0,26825,21254,5571,7.540708455718134
2024-04-29,49825,55680,79544,20552.0,29719,23864,5855,7.3607060243387314
2024-04-30,48646,53459,76027,20413.0,27381,22568,4813,6.330645691662172
2024-05-02,46317,54263,75324,-263.0,29007,21061,7946,10.54909457808932
2024-05-03,46408,55330,76549,20382.0,30141,21219,8922,11.655279624815478
2024-05-06,50073,57651,79839,20602.0,29766,22188,7578,9.491601848720551
2024-05-07,48419,56764,78849,20639.0,30430,22085,8345,10.583520399751425
2024-05-08,49644,55739,79708,20725.0,30064,23969,6095,7.646660310131982
2024-05-09,48193,55650,77586,20612.0,29393,21936,7457,9.611270074497977
2024-05-10,50036,55844,79274,20809.0,29238,23430,5808,7.326487877488205
2024-05-13,52002,56594,81281,0.0,29279,24687,4592,5.649536792116239
2024-05-14,52355,54613,82303,21013.0,29948,27690,2258,2.7435208923125525
2024-05-15,46658,45461,80254,21143.0,33596,34793,-1197,-1.4915144416477684
2024-05-16,46564,50592,72565,21370.0,26001,21973,4028,5.55088541307793
2024-05-17,45477,51402,72897,21336.0,27420,21495,5925,8.127906498209803
2024-05-20,47233,52828,75015,21302.0,27782,22187,5595,7.458508298340331
2024-05-21,48605,53986,76358,21144.0,27753,22372,5381,7.0470677597632205
2024-05-22,55067,56776,83183,21448.0,28116,26407,1709,2.0545063294182704
2024-05-23,52432,56466,81053,0.0,28621,24587,4034,4.976990364329513
2024-05-24,53431,57238,81983,21440.0,28552,24745,3807,4.64364563385092
2024-05-27,54698,58994,84225,21875.0,29527,25231,4296,5.100623330365093
2024-05-28,55610,60356,84996,21813.0,29386,24640,4746,5.5837921784554565
2024-05-29,53682,62614,85583,21598.0,31901,22969,8932,10.436652138859353
2024-05-30,54978,63099,85477,0.0,30499,22378,8121,9.50080138516794
2024-05-31,59237,66165,90144,21285.0,30907,23979,6928,7.6854810081647145
2024-06-03,60741,69927,92780,0.0,32039,22853,9186,9.900840698426384
2024-06-04,55728,67625,89551,0.0,33823,21926,11897,13.285167111478374
2024-06-05,56219,67256,89165,21330.0,32946,21909,11037,12.378175292996131
2024-06-06,57207,63739,90372,21875.0,33165,26633,6532,7.227902447660779
2024-06-07,56232,62064,88117,21897.0,31885,26053,5832,6.618473166358364
2024-06-11,51015,60940,83450,21669.0,32435,22510,9925,11.89334931096465
2024-06-12,55173,61239,88200,21916.0,33027,26961,6066,6.877551020408164
2024-06-13,56400,63528,88504,22323.0,32104,24976,7128,8.053873271264575
2024-06-14,57938,65223,90379,22511.0,32441,25156,7285,8.060500780048462
2024-06-17,57339,64991,88623,22282.0,31284,23632,7652,8.634327431930764
2024-06-18,60088,67572,91353,22786.0,31265,23781,7484,8.192396527754973
2024-06-19,53564,59686,91903,23060.0,38339,32217,6122,6.661371228360337
2024-06-20,55520,65638,83330,23378.0,27810,17692,10118,12.142085683427336
2024-06-21,53331,67267,83497,0.0,30166,16230,13936,16.690420015090364
2024-06-24,51679,66012,81541,22746.0,29862,15529,14333,17.57766031812217
2024-06-25,52916,67121,81062,22756.0,28146,13941,14205,17.52362389282278
2024-06-26,52537,69702,85696,0.0,33159,15994,17165,20.03010642270351
2024-06-27,52313,67778,83976,0.0,31663,16198,15465,18.415975993140897
2024-06-28,54992,71565,88054,22983.0,33062,16489,16573,18.821405046903035
2024-07-01,57018,72692,89001,0.0,31983,16309,15674,17.61103807822384
2024-07-02,56671,71629,87515,22831.0,30844,15886,14958,17.091927098211734
2024-07-03,57319,72123,90412,23185.0,33093,18289,14804,16.37393266380569
2024-07-04,58352,73034,91806,23624.0,33454,18772,14682,15.992418796157114
2024-07-05,56928,72997,90567,23570.0,33639,17570,16069,17.742665650844128
2024-07-08,58715,75090,94312,23913.0,35597,19222,16375,17.362583764526253
2024-07-09,57816,76665,93403,23881.0,35587,16738,18849,20.180293994839566
2024-07-10,57887,76437,94605,23994.0,36718,18168,18550,19.607843137254903
2024-07-11,56572,76195,94689,24367.0,38117,18494,19623,20.72363210087761
2024-07-12,60213,82636,98658,23808.0,38445,16022,22423,22.728009892760852
2024-07-15,56970,78218,94636,20.0,37666,16418,21248,22.45234371697874
2024-07-16,57390,79337,95630,24002.0,38240,16293,21947,22.949911115758653
2024-07-17,51521,67334,96049,23679.0,44528,28715,15813,16.46347176961759
2024-07-18,53461,76403,89206,23383.0,35745,12803,22942,25.718001031320764
2024-07-19,54748,71558,87019,22943.0,32271,15461,16810,19.317620289821765
2024-07-22,56616,75908,90685,22379.0,34069,14777,19292,21.2736395214203
2024-07-23,57276,69973,86698,25.0,29422,16725,12697,14.645089852130383
2024-07-26,56847,72847,86845,22095.0,29998,13998,16000,18.42362830329898
2024-07-29,55694,71244,86789,22261.0,31095,15545,15550,17.917017133507702
2024-07-30,56293,74441,87839,0.0,31546,13398,18148,20.66052664533977
2024-07-31,56187,73066,86756,22496.0,30569,13690,16879,19.455714878509845
2024-08-01,57385,76499,89714,22672.0,32329,13215,19114,21.305481864591926
2024-08-02,58472,79784,94238,21533.0,35766,14454,21312,22.615080965215732
2024-08-05,58354,72834,85166,19374.0,26812,12332,14480,17.002090035929832
2024-08-06,62186,73609,83079,20420.0,20893,9470,11423,13.749563668315702
2024-08-07,64605,72029,86165,-16.0,21560,14136,7424,8.616027389311204
2024-08-08,65333,71778,85376,0.0,20043,13598,6445,7.548959895052473
2024-08-09,67742,73913,89750,-33.0,22008,15837,6171,6.875766016713092
2024-08-12,65874,74341,89153,21677.0,23279,14812,8467,9.497156573530896
2024-08-13,65126,75040,89823,21714.0,24697,14783,9914,11.037262171158835
2024-08-14,69468,76544,93954,0.0,24486,17410,7076,7.531345126338421
2024-08-15,69058,76554,93739,0.0,24681,17185,7496,7.996671609468844
2024-08-16,68498,77769,95104,22367.0,26606,17335,9271,9.748275572005385
2024-08-19,70760,78640,96511,22361.0,25751,17871,7880,8.164872397964999
2024-08-20,68294,76659,94184,22436.0,25890,17525,8365,8.88155100654039
2024-08-21,59128,70965,93733,0.0,34605,22768,11837,12.628423287422786
2024-08-22,61857,69631,82783,22100.0,20926,13152,7774,9.390816955171957
2024-08-23,61004,69279,82121,22129.0,21117,12842,8275,10.076594293785998
2024-08-26,62866,73045,85721,0.0,22855,12676,10179,11.87456982536368
2024-08-27,61152,71447,83922,22143.0,22770,12475,10295,12.267343485617598
2024-08-28,60825,71246,84667,22401.0,23842,13421,10421,12.308219258979296
2024-08-29,58720,69847,82394,22173.0,23674,12547,11127,13.50462412311576
2024-08-30,58650,73089,84827,0.0,26177,11738,14439,17.021702995508505
2024-09-02,59486,74691,86909,22227.0,27423,12218,15205,17.495311187564003
2024-09-03,58870,71694,85523,22079.0,26653,13829,12824,14.994796721349813
2024-09-04,55969,63257,78628,14.0,22659,15371,7288,9.268962710484814
2024-09-05,56648,59866,76967,5.0,20319,17101,3218,4.1810126417815425
2024-09-06,56384,61069,76753,21319.0,20369,15684,4685,6.103995935012312
2024-09-09,56192,59816,75773,21073.0,19581,15957,3624,4.78270624100933
2024-09-10,56137,58671,75398,0.0,19261,16727,2534,3.3608318523037743
2024-09-11,56736,59687,77189,21005.0,20453,17502,2951,3.823083599994818
2024-09-12,60106,65311,82330,21721.0,22224,17019,5205,6.322118304384793
2024-09-13,62434,68499,84254,9.0,21820,15755,6065,7.198471289196952
2024-09-16,61906,69402,84141,0.0,22235,14739,7496,8.908855373717927
2024-09-18,53392,58624,85242,21692.0,31850,26618,5232,6.137819384810305
2024-09-19,56413,61030,75477,22082.0,19064,14447,4617,6.1170952740569975
2024-09-20,57396,65457,78887,22220.0,21491,13430,8061,10.218413680327556
2024-09-23,55675,67820,80778,22338.0,25103,12958,12145,15.035034291515018
2024-09-24,55913,64191,78098,22491.0,22185,13907,8278,10.599503188301878
2024-09-25,57497,68212,82265,0.0,24768,14053,10715,13.02498024676351
2024-09-26,57442,70423,84147,22957.0,26705,13724,12981,15.426574922457128
2024-09-27,60015,72376,85680,22884.0,25665,13304,12361,14.426937441643323
2024-09-30,58246,71541,83904,22326.0,25658,12363,13295,15.845490083905418
2024-10-01,58187,73535,85062,22391.0,26875,11527,15348,18.04330958594907
2024-10-04,58271,71771,83954,0.0,25683,12183,13500,16.0802344140839
2024-10-07,58761,75985,88030,22799.0,29269,12045,17224,19.56605702601386
2024-10-08,56268,71942,83515,22668.0,27247,11573,15674,18.767886008501467
2024-10-09,56672,72220,84520,0.0,27848,12300,15548,18.395646000946524
2024-10-11,59705,76685,89140,22912.0,29435,12455,16980,19.048687457931344
2024-10-14,60678,75568,88879,23073.0,28201,13311,14890,16.75311378390846
2024-10-15,62227,77944,91482,23225.0,29255,13538,15717,17.180428936840034
2024-10-16,53194,64343,90439,22986.0,37245,26096,11149,12.327646258804277
2024-10-17,50676,64170,74611,23282.0,23935,10441,13494,18.08580504215196
2024-10-18,55489,65067,78056,0.0,22567,12989,9578,12.270677462334733
2024-10-21,52874,66729,78323,0.0,25449,11594,13855,17.689567559976
2024-10-22,51398,65478,76750,23633.0,25352,11272,14080,18.34527687296417
2024-10-23,50801,65255,77000,23406.0,26199,11745,14454,18.771428571428572
2024-10-24,50177,64006,75902,122.0,25725,11896,13829,18.219546257015626
2024-10-25,50433,66191,79257,23481.0,28824,13066,15758,19.8821555193863
2024-10-28,49929,68214,79851,23326.0,29922,11637,18285,22.89889919975955
2024-10-29,51153,68631,81106,22976.0,29953,12475,17478,21.549577096638966
2024-10-30,51554,67907,81166,22904.0,29612,13259,16353,20.147598748244338
2024-11-01,50934,66640,79558,22753.0,28624,12918,15706,19.74157218632947
2024-11-04,51674,66823,80652,3.0,28978,13829,15149,18.783167187422507
2024-11-05,51198,67821,81158,23135.0,29960,13337,16623,20.482269153995908
2024-11-06,51662,69894,82678,23324.0,31016,12784,18232,22.051815476910424
2024-11-07,51690,71230,84310,23540.0,32620,13080,19540,23.176372909500653
2024-11-08,51672,69231,82993,0.0,31321,13762,17559,21.15720602942417
2024-11-11,50698,74568,84982,0.0,34284,10414,23870,28.08830105198748
2024-11-12,50345,71924,84414,22869.0,34069,12490,21579,25.563295188001987
2024-11-13,51609,68968,82287,0.0,30678,13319,17359,21.09567732448625
2024-11-14,51832,70177,82799,22684.0,30967,12622,18345,22.15606468677158
2024-11-15,52960,70683,83980,22759.0,31020,13297,17723,21.103834246249107
2024-11-18,53648,72197,84938,22574.0,31290,12741,18549,21.838282041018154
2024-11-19,55017,71157,85448,22850.0,30431,14291,16140,18.888680835127797
2024-11-20,49393,65587,86886,0.0,37493,21299,16194,18.638215592845796
2024-11-21,48493,66628,78291,22607.0,29798,11663,18135,23.163582020921943
2024-11-22,49375,63925,77795,23038.0,28420,13870,14550,18.7030014782441
2024-11-25,49082,71487,83715,30.0,34633,12228,22405,26.76342352027713
2024-11-26,48282,72322,83689,0.0,35407,11367,24040,28.725399992830596
2024-11-27,50046,70367,84368,22347.0,34322,14001,20321,24.08614640622037
2024-11-28,50431,71683,84353,0.0,33922,12670,21252,25.194124690289616
2024-11-29,51269,69689,83146,22313.0,31877,13457,18420,22.15380174632574
2024-12-02,54367,66619,82577,22852.0,28210,15958,12252,14.837061167153081
2024-12-03,52756,66659,81349,23112.0,28593,14690,13903,17.090560424836198
2024-12-04,51995,65137,79950,23294.0,27955,14813,13142,16.437773608505317
2024-12-05,52401,64820,79106,23294.0,26705,14286,12419,15.699188430713221
2024-12-06,53065,64257,78401,23179.0,25336,14144,11192,14.275328120814784
2024-12-09,52284,65056,79135,23296.0,26851,14079,12772,16.13950843495293
2024-12-10,56152,68329,81383,23090.0,25231,13054,12177,14.962584323507366
2024-12-11,58024,71802,84492,22848.0,26468,12690,13778,16.30686928940018
2024-12-12,59700,73048,87070,0.0,27370,14022,13348,15.330194096703801
2024-12-13,59255,74996,87959,0.0,28704,12963,15741,17.89583783353608
2024-12-16,57134,72414,85556,0.0,28422,13142,15280,17.85964748235074
2024-12-17,59656,74852,87446,23031.0,27790,12594,15196,17.37758159321181
2024-12-18,52209,62407,84086,23105.0,31877,21679,10198,12.12805936779012
2024-12-19,48749,63201,74271,22886.0,25522,11070,14452,19.458469658413108
2024-12-20,47910,60211,73174,22682.0,25264,12963,12301,16.810615792494602
2024-12-23,48435,59690,75252,23242.0,26817,15562,11255,14.95641311858821
2024-12-24,47396,60658,74353,23304.0,26957,13695,13262,17.836536521727435
2024-12-25,47712,61320,75165,0.0,27453,13845,13608,18.104170824186788
2024-12-26,48228,63150,76636,23326.0,28408,13486,14922,19.471266767576594
2024-12-27,48488,61828,75507,23372.0,27019,13679,13340,17.6672361502907
2024-12-30,47778,63182,75588,23177.0,27810,12406,15404,20.37889612107742
2024-12-31,46568,63726,75334,23107.0,28766,11608,17158,22.775904638012054
2025-01-02,46806,63675,77302,68.0,30496,13627,16869,21.822203823963157
2025-01-03,46473,61531,75206,94.0,28733,13675,15058,20.022338643193365
2025-01-06,51392,60653,78107,23609.0,26715,17454,9261,11.856811809440895
2025-01-07,52772,60673,77118,11.0,24346,16445,7901,10.245338312715578
2025-01-08,53314,66878,81234,23450.0,27920,14356,13564,16.697441957800923
2025-01-09,52820,69177,82717,23170.0,29897,13540,16357,19.774653336073598
2025-01-10,51778,68883,81831,23049.0,30053,12948,17105,20.902836333418875
2025-01-13,54109,70662,85449,22535.0,31340,14787,16553,19.371789020351322
2025-01-14,52211,67110,80595,22750.0,28384,13485,14899,18.486258452757614
2025-01-15,49715,61717,83982,0.0,34267,22265,12002,14.291157629015741
2025-01-16,51655,63792,76923,23031.0,25268,13131,12137,15.778115778115778
2025-01-17,49617,58085,71811,23190.0,22194,13726,8468,11.792065282477616
2025-01-20,49565,59954,73450,23346.0,23885,13496,10389,14.14431586113002
2025-01-21,49785,59723,72537,23365.0,22752,12814,9938,13.700594179522174
2025-01-22,52054,60420,74267,23698.0,22213,13847,8366,11.264760930157406
2025-02-03,51999,63108,75317,91.0,23318,12209,11109,14.749658111714487
2025-02-04,51818,60989,74051,-127.0,22233,13062,9171,12.384707836491067
2025-02-05,53540,61240,75684,0.0,22144,14444,7700,10.17388087310396
2025-02-06,53914,61543,75767,23290.0,21853,14224,7629,10.069027412989824
2025-02-07,54159,61670,77586,23431.0,23427,15916,7511,9.680870260098471
2025-02-10,53888,61001,75524,23246.0,21636,14523,7113,9.418198188655262
2025-02-11,54377,61978,76022,23335.0,21645,14044,7601,9.998421509563022
2025-02-12,56043,62662,77708,23195.0,21665,15046,6619,8.51778452668966
2025-02-13,56385,63503,78082,23399.0,21697,14579,7118,9.116057478035911
2025-02-14,59771,69238,82629,23179.0,22858,13391,9467,11.457236563434146
2025-02-17,58996,65794,81769,23504.0,22773,15975,6798,8.313664102532744
2025-02-18,60528,67317,83915,23652.0,23387,16598,6789,8.090329500089375
2025-02-19,54154,58482,79008,23625.0,24854,20526,4328,5.477926285945727
2025-02-20,55875,58554,72311,23553.0,16436,13757,2679,3.704830523710086
2025-02-21,56009,59499,75524,23745.0,19515,16025,3490,4.621047614003496
2025-02-24,51950,61740,73803,0.0,21853,12063,9790,13.265043426418979
2025-02-25,51321,64331,75343,0.0,24022,11012,13010,17.267695738157492
2025-02-26,52342,64833,76587,23421.0,24245,11754,12491,16.309556452139397
2025-02-27,50555,63001,76033,23196.0,25478,13032,12446,16.36920810700617
2025-03-03,52000,70743,82245,22718.0,30245,11502,18743,22.78922730865098
2025-03-04,53389,69082,79875,22588.0,26486,10793,15693,19.64694835680751
2025-03-05,54076,68199,80381,22888.0,26305,12182,14123,17.570072529577885
2025-03-06,54033,66546,79462,22763.0,25429,12916,12513,15.747149580931765
2025-03-07,53527,65846,79200,22520.0,25673,13354,12319,15.554292929292929
2025-03-10,54168,67441,81090,22450.0,26922,13649,13273,16.368232827722284
2025-03-11,55255,69941,81876,-139.0,26621,11935,14686,17.936880160242318
2025-03-12,56795,69546,82513,0.0,25718,12967,12751,15.453322506756512
2025-03-13,59524,70517,84638,0.0,25114,14121,10993,12.98825586615941
2025-03-14,60360,70839,85966,21961.0,25606,15127,10479,12.189702905799967
2025-03-17,62652,72142,86140,22158.0,23488,13998,9490,11.016949152542372
2025-03-18,65603,75706,88924,22260.0,23321,13218,10103,11.361387252035446
2025-03-19,56628,63093,87353,21964.0,30725,24260,6465,7.401005117168272
2025-03-20,57951,63056,78193,22365.0,20242,15137,5105,6.5287174043712355
2025-03-21,55270,61933,76484,26.0,21214,14551,6663,8.711625960985305
2025-03-24,54721,61649,76279,25.0,21558,14630,6928,9.082447331506707
2025-03-25,55535,59683,75078,24.0,19543,15395,4148,5.524920749087616
2025-03-26,55124,59926,75981,22036.0,20857,16055,4802,6.320001052894803
2025-03-27,54659,62968,80015,21968.0,25356,17047,8309,10.38430294319815
2025-03-28,55390,63376,81785,21603.0,26395,18409,7986,9.76462676529926
2025-03-31,60046,61169,80743,20769.0,20697,19574,1123,1.3908326418389212
2025-04-01,59802,60208,79160,21181.0,19358,18952,406,0.5128852956038403
2025-04-02,62025,58101,77798,21304.0,15773,19697,-3924,-5.043831460963006
2025-04-07,60710,57913,76600,19167.0,15890,18687,-2797,-3.6514360313315923
2025-04-08,61984,63473,78597,18110.0,16613,15124,1489,1.8944743438044709
2025-04-09,64288,62476,81436,17650.0,17148,18960,-1812,-2.2250601699494084
2025-04-10,67750,62099,81577,-19.0,13827,19478,-5651,-6.927197616975373
2025-04-11,69951,62345,80932,19524.0,10981,18587,-7606,-9.398013146839322
2025-04-14,71071,62984,82040,0.0,10969,19056,-8087,-9.85738664066309
2025-04-15,77383,67660,88149,19798.0,10766,20489,-9723,-11.030187523397883
2025-04-16,65713,59864,89079,19353.0,23366,29215,-5849,-6.566081792566149
2025-04-17,65803,60109,78433,19369.0,12630,18324,-5694,-7.259699361238255
2025-04-18,66974,60471,78552,19330.0,11578,18081,-6503,-8.278592524697016
2025-04-21,69109,61239,81257,0.0,12148,20018,-7870,-9.685319418634702
2025-04-22,67010,62648,81479,-401.0,14469,18831,-4362,-5.35352667558512
2025-04-23,69955,64033,83951,-83.0,13996,19918,-5922,-7.054114900358542
2025-04-24,67144,60537,80710,19005.0,13566,20173,-6607,-8.186098376904969
2025-04-25,68451,58139,80643,-77.0,12192,22504,-10312,-12.787222697568296
2025-04-28,66721,57222,79476,19685.0,12755,22254,-9499,-11.9520358347174
2025-04-29,67428,57829,81061,20154.0,13633,23232,-9599,-11.841699460899816
2025-04-30,66791,55438,79086,20075.0,12295,23648,-11353,-14.355258832157396
2025-05-02,68548,57710,82332,20583.0,13784,24622,-10838,-13.163775931594035
2025-05-05,68316,58979,83220,0.0,14904,24241,-9337,-11.219658735880799
2025-05-06,71069,64895,87282,20337.0,16213,22387,-6174,-7.073623427510826
2025-05-07,72832,66168,88648,20381.0,15816,22480,-6664,-7.517372078332281
2025-05-08,76123,68478,90927,20575.0,14804,22449,-7645,-8.407843654800004
2025-05-09,76518,71585,93806,20848.0,17288,22221,-4933,-5.258725454661748
2025-05-12,78606,75584,96554,21066.0,17948,20970,-3022,-3.129854796279802
2025-05-13,77904,75126,96163,21360.0,18259,21037,-2778,-2.8888449819577176
2025-05-14,79126,75921,98237,0.0,19111,22316,-3205,-3.2625181957918095
2025-05-15,77850,75329,97434,21694.0,19584,22105,-2521,-2.5873924913274626
2025-05-16,78448,75769,98403,21821.0,19955,22634,-2679,-2.7224779732325235
2025-05-19,80774,78848,100704,21441.0,19930,21856,-1926,-1.9125357483317444
2025-05-20,89570,87020,109197,-88.0,19627,22177,-2550,-2.3352289898074123
2025-05-21,79504,75722,110187,21849.0,30683,34465,-3782,-3.4323468285732432
2025-05-22,80668,79167,97485,21503.0,16817,18318,-1501,-1.539724060111812
2025-05-23,79601,78149,96768,21470.0,17167,18619,-1452,-1.5004960317460319
2025-05-26,82304,80670,99311,0.0,17007,18641,-1634,-1.6453363675725752
2025-05-27,83671,83431,102072,-634.0,18401,18641,-240,-0.23512814483893724
2025-05-28,83825,83358,102166,21252.0,18341,18808,-467,-0.4570992306638216
2025-05-29,82184,86179,102796,21320.0,20612,16617,3995,3.8863379898050505
2025-06-02,81399,85280,104060,0.0,22661,18780,3881,3.7295790889871228
2025-06-03,80033,80354,99598,20971.0,19565,19244,321,0.32229562842627363
2025-06-04,82933,80034,101496,21482.0,18563,21462,-2899,-2.856270197840309
2025-06-05,82929,78933,100688,-623.0,17759,21755,-3996,-3.968695375814397
2025-06-06,80777,79363,99525,0.0,18748,20162,-1414,-1.4207485556392867
2025-06-09,81193,79372,99389,0.0,18196,20017,-1821,-1.832194709676121
2025-06-10,83612,81417,102267,22113.0,18655,20850,-2195,-2.1463424173975962
2025-06-11,83059,79447,100822,0.0,17763,21375,-3612,-3.5825514272678585
2025-06-12,81508,79945,100186,21810.0,18678,20241,-1563,-1.5600982173157927
2025-06-13,84221,83408,102249,21940.0,18028,18841,-813,-0.7951178006630871
2025-06-16,82006,82277,100866,22032.0,18860,18589,271,0.26867328931453616
2025-06-17,89194,88330,107104,21345.0,17910,18774,-864,-0.806692560501942
2025-06-18,81942,83368,108559,22308.0,26617,25191,1426,1.313571421991728
2025-06-19,79096,81012,97494,21704.0,18398,16482,1916,1.9652491435370383
2025-06-20,80006,80927,97949,21653.0,17943,17022,921,0.9402852504874986
2025-06-23,83796,81967,99202,21473.0,15406,17235,-1829,-1.8437128283703956
2025-06-24,85165,83070,100432,21959.0,15267,17362,-2095,-2.085988529552334
2025-06-25,87338,85592,102978,22159.0,15640,17386,-1746,-1.6955077783604264
2025-06-26,90587,90188,108093,21842.0,17506,17905,-399,-0.3691265854403153
2025-06-27,93508,92842,110526,21800.0,17018,17684,-666,-0.6025731502090006
2025-06-30,95213,93133,111569,-298.0,16356,18436,-2080,-1.8643171490288521
2025-07-01,96749,95603,114227,22353.0,17478,18624,-1146,-1.0032654276134363
2025-07-02,94643,94473,112952,22220.0,18309,18479,-170,-0.15050640980239394
2025-07-03,95783,92068,113093,22506.0,17310,21025,-3715,-3.2849071118460027
2025-07-04,93733,93001,111712,0.0,17979,18711,-732,-0.6552563735319393
2025-07-07,90959,92680,112349,0.0,21390,19669,1721,1.5318338391975006
2025-07-08,92563,93066,111744,22251.0,19181,18678,503,0.45013602520045815
2025-07-09,91528,93104,112014,22434.0,20486,18910,1576,1.4069669862695735
2025-07-10,91338,91426,111373,22081.0,20035,19947,88,0.0790137645569393
2025-07-11,92466,92352,112868,22764.0,20402,20516,-114,-0.1010029414891732
2025-07-14,92067,93923,113036,-158.0,20969,19113,1856,1.641954775469762
2025-07-15,95540,93684,115649,22810.0,20109,21965,-1856,-1.604856073117796
2025-07-16,88834,86575,112834,23047.0,24000,26259,-2259,-2.002056117836822
2025-07-17,88885,87064,105141,23148.0,16256,18077,-1821,-1.731959939509801
2025-07-18,84098,83056,100710,23262.0,16612,17654,-1042,-1.0346539569059676
2025-07-21,81784,80378,98326,23228.0,16542,17948,-1406,-1.4299371478550944
2025-07-22,81318,80787,99234,22895.0,17916,18447,-531,-0.5350988572465082
2025-07-23,79091,82350,99970,23186.0,20879,17620,3259,3.2599779933980195
2025-07-24,78597,81771,99116,0.0,20519,17345,3174,3.202308406311796
2025-07-25,78320,82055,99768,23238.0,21448,17713,3735,3.743685350012028
2025-07-28,77789,80505,99257,0.0,21468,18752,2716,2.7363309388758474
2025-07-29,74269,76901,96320,23163.0,22051,19419,2632,2.7325581395348837
2025-07-30,74009,75339,95717,0.0,21708,20378,1330,1.3895128347106573
2025-07-31,76121,74754,96354,23589.0,20233,21600,-1367,-1.4187267783382111
2025-08-01,69911,73113,92679,23344.0,22768,19566,3202,3.4549358538611767
2025-08-04,71211,73165,93486,23172.0,22275,20321,1954,2.09015253620863
2025-08-05,74182,73684,95523,0.0,21341,21839,-498,-0.5213404101629974
2025-08-06,70561,71282,92088,0.0,21527,20806,721,0.7829467465902181
2025-08-07,74329,74761,95619,23997.0,21290,20858,432,0.4517930536817996
2025-08-08,70411,73260,93007,23949.0,22596,19747,2849,3.063210295999226
2025-08-11,69532,71798,91641,23531.0,22109,19843,2266,2.4726923538590806
2025-08-12,68897,70576,90453,0.0,21556,19877,1679,1.856212618708058
2025-08-13,69016,70084,90331,0.0,21315,20247,1068,1.1823183624669271
2025-08-14,67746,69361,88996,0.0,21250,19635,1615,1.8146883005977796
2025-08-15,63649,67865,86643,24312.0,22994,18778,4216,4.8659441616749195
2025-08-18,68167,68776,90373,24426.0,22206,21597,609,0.6738738339990926
2025-08-19,69582,72708,92010,24342.0,22428,19302,3126,3.3974567981741117
2025-08-20,59728,65022,94897,23637.0,35169,29875,5294,5.578680042572473
2025-08-21,60736,62628,80303,-180.0,19567,17675,1892,2.356076360783532
2025-08-22,62076,62102,82156,23750.0,20080,20054,26,0.03164711037538342
2025-08-25,62184,60493,82045,0.0,19861,21552,-1691,-2.0610640502163444
2025-08-26,61141,60373,80663,24253.0,19522,20290,-768,-0.9521093934021795
2025-08-27,62300,60803,82155,24459.0,19855,21352,-1497,-1.8221654190250136
2025-08-28,61478,59815,80540,24228.0,19062,20725,-1663,-2.0648125155202384
2025-08-29,61131,60437,80193,24260.0,19062,19756,-694,-0.8654121930841844
2025-09-01,61409,61591,80758,24008.0,19349,19167,182,0.2253646697540801
2025-09-02,62595,61657,81118,23965.0,18523,19461,-938,-1.156340146453315
2025-09-03,62820,61591,81656,23997.0,18836,20065,-1229,-1.5050945429607132
2025-09-04,62490,60448,80792,24132.0,18302,20344,-2042,-2.527477968115655
2025-09-05,63763,60168,81728,24419.0,17965,21560,-3595,-4.39873727486296
2025-09-08,63823,61050,81633,24551.0,17810,20583,-2773,-3.3969105631301066
2025-09-09,67393,61795,84896,24802.0,17503,23101,-5598,-6.593950245005654
2025-09-10,70262,64742,88224,25178.0,17962,23482,-5520,-6.256800870511425
2025-09-11,72012,65180,88765,25240.0,16753,23585,-6832,-7.696727313693461
2025-09-12,69936,64596,87396,25459.0,17460,22800,-5340,-6.110119456268022
2025-09-15,66295,61899,82401,0.0,16106,20502,-4396,-5.334886712539896
2025-09-16,66107,60743,83161,25629.0,17054,22418,-5364,-6.450138887218769
2025-09-17,57321,54219,79424,25433.0,22103,25205,-3102,-3.9056204673650283
2025-09-18,58204,54894,73647,25709.0,15443,18753,-3310,-4.494412535473271
2025-09-19,59174,55275,73997,-67.0,14823,18722,-3899,-5.269132532399962
2025-09-22,58089,54350,74658,25892.0,16569,20308,-3739,-5.008170591229339
2025-09-23,59289,54410,75779,26273.0,16490,21369,-4879,-6.4384592037371835
2025-09-24,56607,54554,73654,26237.0,17047,19100,-2053,-2.7873571021261574
2025-09-25,55248,54522,72188,26097.0,16940,17666,-726,-1.0057073197761401
2025-09-26,55103,56899,72153,25669.0,17050,15254,1796,2.489154990090502
2025-09-30,55443,54997,71895,25968.0,16452,16898,-446,-0.6203491202448014
2025-10-01,54259,54331,71516,26045.0,17257,17185,72,0.10067677163152303
2025-10-02,54776,55423,73385,26431.0,18609,17962,647,0.8816515636710499
2025-10-03,56052,55291,75416,0.0,19364,20125,-761,-1.0090696934337542
2025-10-07,56363,57950,76156,-9.0,19793,18206,1587,2.0838804559062973
2025-10-08,53609,60361,74948,0.0,21339,14587,6752,9.00891284624006
2025-10-09,55724,61769,77694,27335.0,21970,15925,6045,7.780523592555409
2025-10-13,54957,62478,77032,26998.0,22075,14554,7521,9.76347491951397
2025-10-14,54606,59107,75464,26718.0,20858,16357,4501,5.964433372203965
2025-10-15,50481,50844,72284,27156.0,21803,21440,363,0.502185822588678
2025-10-16,51537,51996,67370,27822.0,15833,15374,459,0.6813121567463263
2025-10-17,49772,52471,67978,27328.0,18206,15507,2699,3.9704021889434817
2025-10-20,49622,52603,69412,27783.0,19790,16809,2981,4.2946464588255635
2025-10-21,50599,52619,70297,0.0,19698,17678,2020,2.873522340924933
2025-10-22,46641,51863,67129,0.0,20488,15266,5222,7.77905227249028
2025-10-23,46380,49994,66348,27556.0,19968,16354,3614,5.447036836076445
2025-10-27,48451,53016,67521,-251.0,19070,14505,4565,6.760859584425587
2025-10-28,47413,54141,67814,23.0,20401,13673,6728,9.921255198041703
2025-10-29,49479,53698,69470,28412.0,19991,15772,4219,6.073125089966893
2025-10-30,48850,53414,68685,28398.0,19835,15271,4564,6.644827837227925
2025-10-31,50719,53923,69921,28431.0,19202,15998,3204,4.582314326168104
2025-11-03,49229,55552,70740,28340.0,21511,15188,6323,8.938365846762792
2025-11-04,48601,55444,71110,28117.0,22509,15666,6843,9.623119111236113
2025-11-05,49133,57635,72748,27805.0,23615,15113,8502,11.686919228020013
2025-11-06,49938,58284,73220,28034.0,23282,14936,8346,11.398524993171264
2025-11-07,49783,58252,73153,0.0,23370,14901,8469,11.577105518570667
2025-11-10,50659,58882,73737,28016.0,23078,14855,8223,11.151796248830301
2025-11-11,51194,59615,73655,0.0,22461,14040,8421,11.433032380693774
2025-11-12,51905,59914,75303,0.0,23398,15389,8009,10.635698444949073
2025-11-13,52522,60499,74501,27980.0,21979,14002,7977,10.707238829009007
2025-11-14,54461,64063,79057,41.0,24596,14994,9602,12.145667050356073
2025-11-17,53174,61986,75395,27439.0,22221,13409,8812,11.687777704091783
2025-11-18,53083,61897,77000,26805.0,23917,15103,8814,11.446753246753246
2025-11-19,50970,56979,75667,26595.0,24697,18688,6009,7.941374707600407
2025-11-20,53380,53909,68705,27482.0,15325,14796,529,0.7699585183028892
2025-11-21,53170,60131,74357,26486.0,21187,14226,6961,9.361593394031496
2025-11-24,54759,60788,75165,0.0,20406,14377,6029,8.021020421738841
2025-11-25,54670,60027,74325,26933.0,19655,14298,5357,7.2075344769593
2025-11-26,57053,61608,78407,27002.0,21354,16799,4555,5.809430280459653
2025-11-27,55669,60029,76278,27583.0,20609,16249,4360,5.7159338210231
2025-11-28,56753,59689,76744,27744.0,19991,17055,2936,3.8257062441363496
2025-12-01,54387,58924,74280,27404.0,19893,15356,4537,6.107969843834141
2025-12-02,54005,58626,73842,26.0,19837,15216,4621,6.257956176701606
2025-12-03,54351,59304,74442,0.0,20091,15138,4953,6.6535020552913675
2025-12-04,55061,60003,74961,27799.0,19900,14958,4942,6.5927615693493955
2025-12-05,57399,60855,77339,28016.0,19940,16484,3456,4.468638073934238
2025-12-08,58045,62009,79066,0.0,21021,17057,3964,5.013532997748716
2025-12-09,56711,63355,78214,28220.0,21503,14859,6644,8.494642902805124
2025-12-10,57868,62718,79426,28398.0,21558,16708,4850,6.106312794299096
2025-12-11,57860,63971,79887,28200.0,22027,15916,6111,7.64955499643246
2025-12-12,58223,63237,79793,28160.0,21570,16556,5014,6.2837592269998614
2025-12-15,58633,66613,82438,161.0,23805,15825,7980,9.68000194085252
2025-12-16,56731,64273,78973,89.0,22242,14700,7542,9.550099401061123
2025-12-17,52894,56825,78329,27576.0,25435,21504,3931,5.018575495665718
2025-12-18,54400,58949,72785,27591.0,18385,13836,4549,6.249914130658789
2025-12-19,56823,58032,73839,27793.0,17016,15807,1209,1.637346117905172
2025-12-22,57142,59293,75412,0.0,18270,16119,2151,2.852331193974434
2025-12-23,57488,59344,75213,0.0,17725,15869,1856,2.467658516479864
2025-12-24,59038,60293,76696,28378.0,17658,16403,1255,1.636330447480964
2025-12-26,60366,61337,78577,28673.0,18211,17240,971,1.235730557287756
2025-12-29,61309,61979,80186,28950.0,18877,18207,670,0.8355573292095877
2025-12-30,58533,61054,77945,0.0,19412,16891,2521,3.2343319006992113
2025-12-31,57582,58963,76009,0.0,18427,17046,1381,1.8168901051191306
2026-01-02,59635,59504,78654,29473.0,19019,19150,-131,-0.16655224146260839
2026-01-05,60700,62788,80082,30313.0,19382,17294,2088,2.6073274893234433
2026-01-06,60176,64610,80391,0.0,20215,15781,4434,5.515542784640071
2026-01-07,59493,64015,79377,0.0,19884,15362,4522,5.696864330977487
2026-01-08,58904,61497,77796,30458.0,18892,16299,2593,3.3330762507069776
2026-01-09,59314,62534,77831,0.0,18517,15297,3220,4.137168994359574
2026-01-12,59922,62843,77572,30701.0,17650,14729,2921,3.7655339555509717
2026-01-13,60207,65437,79252,0.0,19045,13815,5230,6.599202543784384
2026-01-14,61250,69371,82707,30982.0,21457,13336,8121,9.818999601001124
2026-01-15,62638,71809,84813,31050.0,22175,13004,9171,10.81320080648014
2026-01-16,64976,71345,84665,31474.0,19689,13320,6369,7.522589027343058
2026-01-19,62452,68828,82849,31669.0,20397,14021,6376,7.695928737824234
2026-01-20,61071,66293,80461,31672.0,19390,14168,5222,6.490100794173574
2026-01-21,52465,55973,79832,31652.0,27367,23859,3508,4.394227878544944
2026-01-22,52540,55939,69713,31857.0,17173,13774,3399,4.875704674881299
2026-01-23,53700,55949,70649,32192.0,16949,14700,2249,3.183343005562712
2026-01-26,51772,55416,69744,32288.0,17972,14328,3644,5.224822206928194
2026-01-27,53395,55782,71399,0.0,18004,15617,2387,3.3431840782083784
2026-01-28,53604,57651,72347,0.0,18743,14696,4047,5.593873968512861
2026-01-29,54287,61432,75152,0.0,20865,13720,7145,9.507398339365553
2026-01-30,54364,61863,75136,32298.0,20772,13273,7499,9.98056856899489
2026-02-02,58668,60730,78292,31774.0,19624,17562,2062,2.6337301384560363
2026-02-03,60133,61218,78879,0.0,18746,17661,1085,1.3755245375828802
2026-02-04,61373,60928,79662,0.0,18289,18734,-445,-0.5586101277899124
2026-02-05,63443,61625,80927,0.0,17484,19302,-1818,-2.2464690399990115
2026-02-06,61684,59656,77206,31807.0,15522,17550,-2028,-2.626738854493174
2026-02-09,62832,60226,80373,32790.0,17541,20147,-2606,-3.2423823920968484
2026-02-10,68733,68204,86679,33444.0,17946,18475,-529,-0.6102977653180125
2026-02-11,69771,70392,86816,33691.0,17045,16424,621,0.7153059343899741
2026-02-23,57708,62762,83456,34080.0,25748,20694,5054,6.055885736196319
2026-02-24,62305,65738,81191,34827.0,18886,15453,3433,4.228301166385437
2026-02-25,62079,70185,83737,35490.0,21658,13552,8106,9.680308585213226
2026-02-26,61980,70729,84767,35715.0,22787,14038,8749,10.32123349888518
2026-03-02,60118,71735,84801,0.0,24683,13066,11617,13.69913090647516
2026-03-03,62031,71699,85686,34325.0,23655,13987,9668,11.283056742058212
2026-03-04,65737,71750,85319,32834.0,19582,13569,6013,7.047668163011755
2026-03-05,62239,67882,81769,33639.0,19530,13887,5643,6.901148356956793
2026-03-06,63208,66852,82236,0.0,19028,15384,3644,4.4311493749696
2026-03-09,61827,63879,78905,32017.0,17078,15026,2052,2.6005956530004437
2026-03-10,63712,62439,78055,32696.0,14343,15616,-1273,-1.6309012875536482
2026-03-11,64670,66927,84250,34096.0,19580,17323,2257,2.6789317507418398
2026-03-12,63481,65656,82741,0.0,19260,17085,2175,2.628684690782079
2026-03-13,65991,64333,81643,33315.0,15652,17310,-1658,-2.0307925970383254
2026-03-16,65168,62684,79922,120.0,14754,17238,-2484,-3.1080303295713323
2026-03-17,66869,63781,82798,0.0,15929,19017,-3088,-3.7295586849923916
2026-03-18,57207,57882,82800,34263.0,25593,24918,675,0.8152173913043478
2026-03-19,56466,59806,74394,33553.0,17928,14588,3340,4.489609377100304
2026-03-20,56025,56317,72650,33658.0,16625,16333,292,0.40192704748795594
2026-03-23,55803,56113,73531,0.0,17728,17418,310,0.42159089363669744
2026-03-24,57446,54561,72442,0.0,14996,17881,-2885,-3.9824963419011072
2026-03-25,56788,56185,73679,33638.0,16891,17494,-603,-0.8184150164904518
2026-03-26,57022,57375,74162,33440.0,17140,16787,353,0.47598500579811764
2026-03-27,55459,58153,73575,33268.0,18116,15422,2694,3.6615698267074412
2026-03-30,56046,55658,73424,0.0,17378,17766,-388,-0.5284375680976248
2026-03-31,57647,56586,74576,31979.0,16929,17990,-1061,-1.4227097189444327
2026-04-01,62234,58242,78060,33535.0,15826,19818,-3992,-5.114014860363823
2026-04-02,59342,56919,74623,32487.0,15281,17704,-2423,-3.246988193988449
2026-04-07,61420,56795,75037,33159.0,13617,18242,-4625,-6.16362594453403
2026-04-08,62744,60848,78464,330.0,15720,17616,-1896,-2.416394779771615
2026-04-09,62156,60204,77240,34932.0,15084,17036,-1952,-2.527187985499741
2026-04-10,61453,61605,77606,35950.0,16153,16001,152,0.19586114475684868
