date,close,retail_ratio
2021-01-04,14902.03,0.7014633977781233
2021-01-05,15000.03,0.8007990769283758
2021-01-06,14983.13,1.2232151353408824
2021-01-07,15214.0,0.4087833867745564
2021-01-08,15463.95,2.0234513679964663
2021-01-11,15557.3,4.106682336042829
2021-01-12,15500.7,4.802990855981712
2021-01-13,15769.98,5.5929310171703985
2021-01-14,15707.19,9.76511054988302
2021-01-15,15616.39,7.847328742534512
2021-01-18,15612.0,8.983229927152266
2021-01-19,15877.37,10.582277183752947
2021-01-20,15806.18,4.069349090385771
2021-01-21,16153.77,7.259160863834954
2021-01-22,16019.03,12.821255266888992
2021-01-25,15946.54,13.810465218195805
2021-01-26,15658.85,13.883832062805778
2021-01-27,15701.45,15.899729879882758
2021-01-28,15415.88,16.735222641438067
2021-01-29,15138.31,8.122248270341357
2021-02-01,15410.09,9.195720434828255
2021-02-02,15760.05,7.002043287422431
2021-02-03,15771.32,8.912157060156053
2021-02-04,15706.22,8.831805391667423
2021-02-05,15802.4,10.073339740023266
2021-02-17,16362.29,3.693528991954012
2021-02-18,16424.51,9.883028887973264
2021-02-19,16341.38,8.649536898715267
2021-02-22,16410.16,11.76044890779131
2021-02-23,16443.4,13.30230252879508
2021-02-24,16212.53,16.42070496165943
2021-02-25,16452.18,15.061605555085105
2021-02-26,15953.8,16.89228427819052
2021-03-02,15946.88,12.625950238432532
2021-03-03,16211.73,13.123375630637518
2021-03-04,15906.41,12.998759561711804
2021-03-05,15855.23,15.36526247967355
2021-03-08,15820.11,10.211077218147132
2021-03-09,15853.09,13.107699819940793
2021-03-10,15911.67,10.7190225053522
2021-03-11,16179.56,14.36792052819674
2021-03-12,16255.18,14.81672903185793
2021-03-15,16249.33,15.552405386788593
2021-03-16,16313.16,13.01946038145449
2021-03-17,16215.82,10.549369779199237
2021-03-18,16287.84,11.928780049427095
2021-03-19,16070.24,12.235480255784823
2021-03-22,16189.22,9.596550456262326
2021-03-23,16177.59,8.793021376462644
2021-03-24,16032.12,11.884535273012792
2021-03-25,16060.14,8.920161964702258
2021-03-26,16305.88,5.010005343167555
2021-03-29,16475.97,2.546439463413594
2021-03-30,16554.9,1.50354459845519
2021-03-31,16431.13,4.021407059129417
2021-04-01,16571.28,2.8716569879557903
2021-04-06,16739.87,1.8203989199547077
2021-04-07,16815.36,4.77111396791683
2021-04-08,16926.44,4.275796950611058
2021-04-09,16854.1,7.189223377459193
2021-04-12,16859.7,7.9522774648512
2021-04-13,16824.91,7.0705417730357185
2021-04-14,16865.97,6.8556948154236
2021-04-15,17076.73,5.200840494958142
2021-04-16,17158.81,8.345762202646007
2021-04-19,17263.28,5.458334642412057
2021-04-20,17323.87,8.579768349359803
2021-04-21,17202.11,7.695251865869995
2021-04-22,17096.97,11.810479402266525
2021-04-23,17300.27,12.288007795281072
2021-04-26,17572.29,11.43159449361299
2021-04-27,17595.9,11.445368417601872
2021-04-28,17567.53,13.55907636387963
2021-04-29,17566.66,11.640642426946242
2021-05-03,17222.35,15.851646330569306
2021-05-04,16933.78,19.500821692686934
2021-05-05,16843.44,21.430667644900954
2021-05-06,16994.36,17.214397496087635
2021-05-07,17285.0,17.556200450024185
2021-05-10,17235.61,18.28485393446394
2021-05-11,16583.13,15.148756865111427
2021-05-12,15902.37,11.12606063236475
2021-05-13,15670.1,8.200017580099328
2021-05-14,15827.09,3.0517906830625616
2021-05-17,15353.89,3.307718775088887
2021-05-18,16145.98,5.01618641623129
2021-05-19,16132.66,3.791635967757898
2021-05-20,16042.36,3.427158615443134
2021-05-21,16302.06,4.8594467745156775
2021-05-24,16338.29,7.250101609008536
2021-05-25,16595.67,6.284410315850478
2021-05-26,16643.69,5.213895722085558
2021-05-27,16601.61,6.541592217589836
2021-05-28,16870.86,6.602730935149204
2021-05-31,17068.43,7.626622017580578
2021-06-01,17162.38,6.271500995835597
2021-06-02,17165.04,5.542646642108246
2021-06-03,17246.16,4.621783149725704
2021-06-04,17147.41,7.165613694043955
2021-06-07,17083.91,5.958937859293731
2021-06-08,17076.21,7.297991338599813
2021-06-09,16966.22,5.208499760345103
2021-06-10,17159.22,3.966195386414372
2021-06-11,17213.52,3.5181897897640995
2021-06-15,17371.29,5.909620021618026
2021-06-16,17307.86,7.836280100094352
2021-06-17,17390.61,11.441575056324794
2021-06-18,17318.54,10.494870666697544
2021-06-21,17062.98,10.613569771368196
2021-06-22,17075.55,12.198327755503275
2021-06-23,17336.71,12.991664289562928
2021-06-24,17407.96,12.77567820786795
2021-06-25,17502.99,11.306806305761214
2021-06-28,17590.97,11.79768643330505
2021-06-29,17598.19,9.974449472749713
2021-06-30,17755.46,9.700009364952185
2021-07-01,17713.94,10.76941356924506
2021-07-02,17710.15,9.95989013384488
2021-07-05,17919.33,8.944391298922763
2021-07-06,17913.07,9.732641914436911
2021-07-07,17850.69,8.553978068380118
2021-07-08,17866.09,7.892111107534842
2021-07-09,17661.48,10.36486574064073
2021-07-12,17814.33,11.133239528087456
2021-07-13,17847.52,11.720685167303413
2021-07-14,17845.75,10.655139749354877
2021-07-15,18034.19,10.279317697228144
2021-07-16,17895.25,11.017831646072421
2021-07-19,17789.25,14.172635563872577
2021-07-20,17528.74,17.03950103950104
2021-07-21,17458.79,17.101591487534883
2021-07-22,17572.33,19.311142408940494
2021-07-23,17572.92,19.121848358425538
2021-07-26,17403.56,16.788544905197707
2021-07-27,17269.87,19.51355572910856
2021-07-28,17135.22,18.40977183682876
2021-07-29,17402.81,14.14140261163364
2021-07-30,17247.41,14.702727908603405
2021-08-02,17503.28,15.886865573547576
2021-08-03,17553.76,13.788981111452674
2021-08-04,17623.89,12.142571707663617
2021-08-05,17603.12,15.875364268101322
2021-08-06,17526.28,14.216588528100942
2021-08-09,17485.15,13.095979516988443
2021-08-10,17323.64,15.353824810379923
2021-08-11,17227.18,20.146812504918106
2021-08-12,17219.94,19.205147184421794
2021-08-13,16982.11,20.358758111385438
2021-08-16,16858.77,17.640310426273757
2021-08-17,16661.36,17.66630438436285
2021-08-18,16826.27,17.71614192903548
2021-08-19,16375.4,18.449529671638828
2021-08-20,16341.94,15.277812967138768
2021-08-23,16741.84,14.557274319690128
2021-08-24,16818.73,13.806901615271661
2021-08-25,17045.86,12.37163581969062
2021-08-26,17066.96,10.664097205711212
2021-08-27,17209.93,10.506404233222886
2021-08-30,17396.52,11.40124377204786
2021-08-31,17490.29,11.222811609645364
2021-09-01,17473.99,12.007489786654562
2021-09-02,17319.76,8.704354560076249
2021-09-03,17516.92,13.807672218675643
2021-09-06,17495.3,10.795441166081899
2021-09-07,17428.87,11.199844884208485
2021-09-08,17270.49,10.283075490880584
2021-09-09,17304.33,7.359212150092249
2021-09-10,17474.57,9.264402193263548
2021-09-13,17446.31,9.634127612319396
2021-09-14,17434.9,10.633606866628938
2021-09-15,17354.0,7.075893677773556
2021-09-16,17278.7,11.648671666804034
2021-09-17,17276.79,10.9342922699156
2021-09-22,16925.82,12.221670447072087
2021-09-23,17078.22,9.341784872260659
2021-09-24,17260.19,10.273248510627713
2021-09-27,17313.77,12.296826625386997
2021-09-28,17181.44,12.714252026163258
2021-09-29,16855.46,12.04603519495714
2021-09-30,16934.77,9.36167713899818
2021-10-01,16570.89,6.082380442417752
2021-10-04,16408.35,4.239182038188534
2021-10-05,16460.75,9.485614854718376
2021-10-06,16393.16,4.985007496251874
2021-10-07,16713.86,10.756642456559714
2021-10-08,16640.43,13.826726156498642
2021-10-12,16462.84,8.916163538905304
2021-10-13,16347.99,12.86702626641651
2021-10-14,16387.28,10.17657724243859
2021-10-15,16781.19,9.319135352061291
2021-10-18,16705.46,10.755793961900832
2021-10-19,16900.67,10.746828963085148
2021-10-20,16887.82,6.3444901855497875
2021-10-21,16889.51,8.248453743913672
2021-10-22,16888.74,10.336381875504834
2021-10-25,16894.24,10.314624870346895
2021-10-26,17034.34,13.196227563127472
2021-10-27,17074.55,11.830223857861835
2021-10-28,17041.63,11.646762888612109
2021-10-29,16987.41,12.387560099811331
2021-11-01,17068.24,9.768009768009769
2021-11-02,17065.97,11.033771889187436
2021-11-03,17122.16,10.03226228883677
2021-11-04,17078.86,11.364202288492322
2021-11-05,17296.9,7.504527013088225
2021-11-08,17415.3,3.2015340450345384
2021-11-09,17541.36,-0.4924072862504735
2021-11-10,17559.65,1.520323403660426
2021-11-11,17452.52,4.120642196415703
2021-11-12,17518.13,3.177107866227037
2021-11-15,17634.47,1.9533100259388745
2021-11-16,17693.13,3.5244625899442856
2021-11-17,17764.04,3.602188968442762
2021-11-18,17841.37,7.166257166257166
2021-11-19,17818.31,9.032442653132309
2021-11-22,17803.54,7.786340048657135
2021-11-23,17666.12,7.627410264016612
2021-11-24,17642.52,8.020824764076107
2021-11-25,17654.19,9.050793352736832
2021-11-26,17369.39,10.535985302340443
2021-11-29,17328.09,9.877626468248398
2021-11-30,17427.76,11.353651839648544
2021-12-01,17585.99,11.039898698182787
2021-12-02,17724.88,12.318369117328128
2021-12-03,17697.14,11.791284900902546
2021-12-06,17688.21,12.856863086430497
2021-12-07,17796.92,12.855337618812154
2021-12-08,17832.42,12.931819216239587
2021-12-09,17914.12,12.1865261487903
2021-12-10,17826.26,13.198101480393266
2021-12-13,17767.6,12.731171860318582
2021-12-14,17599.37,13.79223975519183
2021-12-15,17660.1,12.109436775636537
2021-12-16,17785.74,13.12933354833108
2021-12-17,17812.59,12.69794505413567
2021-12-20,17669.11,12.593635192518725
2021-12-21,17789.27,11.002419513550434
2021-12-22,17826.83,9.0170329736283
2021-12-23,17946.66,8.131219271213155
2021-12-24,17961.64,9.673510288737154
2021-12-27,18048.94,7.982758044575133
2021-12-28,18196.81,7.316168853120468
2021-12-29,18248.28,6.800485442106733
2021-12-30,18218.84,8.664721105665988
2022-01-03,18270.51,8.38306211877656
2022-01-04,18526.35,6.350994656537694
2022-01-05,18499.96,5.126671508523092
2022-01-06,18367.92,6.101402042914325
2022-01-07,18169.76,10.579748864547154
2022-01-10,18239.38,8.07156392821313
2022-01-11,18288.21,10.521122970670014
2022-01-12,18375.4,10.17406757649632
2022-01-13,18436.93,9.01218838439075
2022-01-14,18403.33,8.308780200353565
2022-01-17,18525.44,8.588315971655291
2022-01-18,18378.64,6.100296141451094
2022-01-19,18227.46,8.650174864439952
2022-01-20,18218.28,8.85890219848944
2022-01-21,17899.3,10.35367186152165
2022-01-24,17989.04,11.05382382783926
2022-01-25,17701.12,16.504843330756287
2022-01-26,17674.4,16.17698948507445
2022-02-07,17900.3,12.616415954349868
2022-02-08,17966.56,11.868646119089881
2022-02-09,18151.76,6.256448632039638
2022-02-10,18338.05,3.043249186787007
2022-02-11,18310.94,4.128594424949913
2022-02-14,17997.67,6.8626273303863154
2022-02-15,17951.81,4.5902006115295695
2022-02-16,18231.47,3.51056414200899
2022-02-17,18268.57,5.034749854103666
2022-02-18,18232.35,5.589741653768231
2022-02-21,18221.49,7.732556673475048
2022-02-22,17969.29,8.769001643385375
2022-02-23,18055.73,5.79114006176524
2022-02-24,17594.55,9.352033390668414
2022-02-25,17652.18,11.591044435715824
2022-03-01,17898.25,8.953819457173932
2022-03-02,17867.6,10.62519248537111
2022-03-03,17934.4,10.368985290451258
2022-03-04,17736.52,8.830431023835988
2022-03-07,17178.69,11.189234770835066
2022-03-08,16825.25,10.595877576514678
2022-03-09,17015.36,8.45273644325111
2022-03-10,17433.2,1.2178636693619045
2022-03-11,17264.74,3.560872805777584
2022-03-14,17263.04,5.654416505480335
2022-03-15,16926.06,9.158053679491532
2022-03-16,16940.83,6.7536199845252565
2022-03-17,17448.22,4.591117837386494
2022-03-18,17456.52,7.829247096621284
2022-03-21,17560.36,5.280180518992102
2022-03-22,17559.71,4.046206681236341
2022-03-23,17731.37,1.3439849624060152
2022-03-24,17699.06,2.9805881500796754
2022-03-25,17676.95,3.7633209417596034
2022-03-28,17520.01,1.235620499232656
2022-03-29,17548.66,-2.4915363840389517
2022-03-30,17740.56,-2.9260372820204448
2022-03-31,17693.47,2.275426874536006
2022-04-01,17625.59,-0.37294350966035944
2022-04-06,17522.5,-1.202891900941232
2022-04-07,17178.63,1.4399389189124705
2022-04-08,17284.54,-2.140458531635784
2022-04-11,17048.37,-4.967480441134885
2022-04-12,16990.91,-3.490740740740741
2022-04-13,17301.65,-3.900329906657809
2022-04-14,17245.65,-3.001370594931122
2022-04-15,17004.18,2.2579615656415983
2022-04-18,16898.87,2.0534474780194354
2022-04-19,16993.4,1.9585200240195852
2022-04-20,17148.88,1.628575025464367
2022-04-21,17127.95,2.5639660976356162
2022-04-22,17025.09,0.18816722562146387
2022-04-25,16620.9,1.9496374951478193
2022-04-26,16644.79,3.4381212723658052
2022-04-27,16303.35,7.680169599730183
2022-04-28,16419.38,6.514316661957238
2022-04-29,16592.18,0.8848592104146716
2022-05-03,16498.9,3.707484233166855
2022-05-04,16565.83,2.2126933737651324
2022-05-05,16696.12,2.0532425429066103
2022-05-06,16408.2,3.0688705234159777
2022-05-09,16048.92,2.6548485137296014
2022-05-10,16061.7,6.933487268295811
2022-05-11,16006.25,3.345051437444734
2022-05-12,15616.68,2.613800784868894
2022-05-13,15832.54,1.5413728578828854
2022-05-16,15901.04,-0.06994711574128046
2022-05-17,16056.09,-2.046282181571816
2022-05-18,16296.86,-5.493974891883949
2022-05-19,16020.32,-3.324193412009132
2022-05-20,16144.85,-7.817398119122257
2022-05-23,16156.41,-6.400322267244853
2022-05-24,15963.63,-5.4959091379846035
2022-05-25,16104.03,-5.687105892585344
2022-05-26,15968.83,-4.148620682298223
2022-05-27,16266.22,-8.429497068805924
2022-05-30,16610.62,-8.403700860571291
2022-05-31,16807.77,-10.006626277925028
2022-06-01,16675.09,-10.799254264328049
2022-06-02,16552.57,-13.082251402959644
2022-06-06,16605.96,-12.54481973291674
2022-06-07,16512.88,-10.650685931825484
2022-06-08,16670.51,-12.19816389876124
2022-06-09,16621.34,-12.267489949410429
2022-06-10,16460.12,-10.954643300806994
2022-06-13,16070.98,-5.577739405712641
2022-06-14,16047.37,-3.480854423439624
2022-06-15,15999.25,3.348823975720789
2022-06-16,15838.61,2.991751712568153
2022-06-17,15641.26,7.0141809094649785
2022-06-20,15367.58,7.138941916948608
2022-06-21,15728.64,9.733477913480195
2022-06-22,15347.75,7.5943960362207426
2022-06-23,15176.44,10.017736382347083
2022-06-24,15303.32,12.775241092372887
2022-06-27,15548.01,10.311610944570676
2022-06-28,15439.92,11.379061371841155
2022-06-29,15240.13,12.45803518330232
2022-06-30,14825.73,11.452496092000256
2022-07-01,14343.08,11.566515828695142
2022-07-04,14217.06,10.589435841743592
2022-07-05,14349.2,13.192897171021539
2022-07-06,13985.51,11.456722572459459
2022-07-07,14336.27,9.403899486465681
2022-07-08,14464.53,4.2178483213894085
2022-07-11,14340.53,2.6310629217371244
2022-07-12,13950.62,-0.1507142545105063
2022-07-13,14324.68,0.9102150168303909
2022-07-14,14438.52,3.9941834556840305
2022-07-15,14550.62,4.163303658551277
2022-07-18,14719.64,0.6796237675437103
2022-07-19,14694.08,-0.10026259250417761
2022-07-20,14733.22,-0.38657295201163355
2022-07-21,14937.7,-4.486949316392764
2022-07-22,14949.36,-6.6545237135190005
2022-07-25,14936.33,-9.173508483853311
2022-07-26,14806.78,-6.088206432352495
2022-07-27,14921.59,-5.789852807263139
2022-07-28,14891.9,-8.388626855330829
2022-07-29,15000.07,-7.204049334920281
2022-08-01,14981.69,-6.928439884240989
2022-08-02,14747.23,-7.049812355103557
2022-08-03,14777.02,-7.528705130030679
2022-08-04,14702.2,-7.806920330008619
2022-08-05,15036.04,-8.035641298128015
2022-08-08,15020.41,-3.3859229350481033
2022-08-09,15050.28,-5.814251069378603
2022-08-10,14939.02,-0.7781712974509902
2022-08-11,15197.85,-9.156381095564878
2022-08-12,15288.97,-6.84136046454887
2022-08-15,15417.35,-5.04312301407172
2022-08-16,15420.57,-4.812560375228408
2022-08-17,15465.45,-4.641965782080806
2022-08-18,15396.76,-3.105963966804741
2022-08-19,15408.78,-4.348877915498569
2022-08-22,15245.14,1.5583696629991004
2022-08-23,15095.89,5.272717340835222
2022-08-24,15069.19,3.5954314930111737
2022-08-25,15200.04,5.419611367566758
2022-08-26,15278.44,4.631865663259576
2022-08-29,14926.19,1.2279344538997117
2022-08-30,14953.63,-2.026990259563585
2022-08-31,15095.44,-2.917572312322354
2022-09-01,14801.86,2.3256366965495925
2022-09-02,14673.04,4.627025738798856
2022-09-05,14661.1,2.0161290322580645
2022-09-06,14677.2,3.4614732456459074
2022-09-07,14410.05,8.561729796923371
2022-09-08,14583.42,4.4768434800080374
2022-09-12,14807.43,1.5553404323975477
2022-09-13,14894.41,-0.9554885341375904
2022-09-14,14658.31,0.16190241817451786
2022-09-15,14670.04,-4.618656943178365
2022-09-16,14561.76,-3.6318111953988796
2022-09-19,14425.68,-0.04281317257179885
2022-09-20,14549.3,-4.544317518552489
2022-09-21,14424.52,-3.931482942456191
2022-09-22,14284.63,-4.031219826198906
2022-09-23,14118.38,-1.39035234252525
2022-09-26,13778.19,4.503380006673504
2022-09-27,13826.59,4.805738639179345
2022-09-28,13466.07,3.7317931899295846
2022-09-29,13534.26,6.154887958630879
2022-09-30,13424.58,7.22197442759441
2022-10-03,13300.48,7.717193252104069
2022-10-04,13576.52,6.641640196361537
2022-10-05,13801.43,-8.8033810635211
2022-10-06,13892.05,-3.058925920237547
2022-10-07,13702.28,-0.1330766547371413
2022-10-11,13106.03,-0.6357225807224012
2022-10-12,13081.24,2.504648637855512
2022-10-13,12810.73,-4.05664356733956
2022-10-14,13128.12,-3.3548007933981436
2022-10-17,12966.05,0.09529897146841769
2022-10-18,13124.68,0.2487590837373749
2022-10-19,12976.76,-0.7902630364559299
2022-10-20,12946.1,-3.03612127909386
2022-10-21,12819.2,-7.483056851448355
2022-10-24,12856.98,-1.1773185968284479
2022-10-25,12666.12,0.6359155753800538
2022-10-26,12729.05,-6.330689065173432
2022-10-27,12926.37,-2.3987629021510917
2022-10-28,12788.42,2.3237260662546855
2022-10-31,12949.75,-1.5214070174109566
2022-11-01,13037.21,1.6368551642410103
2022-11-02,13100.17,0.059324708109813815
2022-11-03,12986.6,1.2029595611685162
2022-11-04,13026.71,1.6671442989396563
2022-11-07,13223.73,0.5943155608166653
2022-11-08,13347.76,1.752205488131793
2022-11-09,13638.81,-4.632725188652211
2022-11-10,13503.76,4.428058281898209
2022-11-11,14007.56,-5.906606577811871
2022-11-14,14174.9,-2.681185944363104
2022-11-15,14546.31,-3.2811773818745156
2022-11-16,14537.35,-6.2167003490722035
2022-11-17,14535.23,-5.129672006102212
2022-11-18,14504.99,-10.227950829454588
2022-11-21,14449.39,-8.35541861952818
2022-11-22,14542.2,-8.057896150059456
2022-11-23,14608.54,-10.978969896579564
2022-11-24,14784.0,-7.612820574798771
2022-11-25,14778.51,-4.504815123053145
2022-11-28,14556.87,-9.21692607003891
2022-11-29,14709.64,-10.258547797401423
2022-11-30,14879.55,-11.521254063360102
2022-12-01,15012.8,-4.333401504306133
2022-12-02,14970.68,-2.2742416463674395
2022-12-05,14980.74,-4.325155352957619
2022-12-06,14728.88,-1.5582807680403017
2022-12-07,14630.01,-4.564193807364333
2022-12-08,14553.04,-3.6124937509509425
2022-12-09,14705.43,-6.109317473803455
2022-12-12,14612.59,-6.982994195894217
2022-12-13,14522.96,-3.4191279102227683
2022-12-14,14739.36,-2.961093857832988
2022-12-15,14734.13,-5.690042425754928
2022-12-16,14528.55,-6.443471320404686
2022-12-19,14433.32,-9.614430811032282
2022-12-20,14170.03,-8.822242593441393
2022-12-21,14234.4,-11.114807914115872
2022-12-22,14442.94,-15.352532512800787
2022-12-23,14271.63,-12.95564232532195
2022-12-26,14285.13,-14.154091700522345
2022-12-27,14328.43,-14.46451751199819
2022-12-28,14173.1,-13.424612378003555
2022-12-29,14085.02,-12.74815244167512
2022-12-30,14137.69,-18.161608469767497
2023-01-03,14224.12,-14.292773786444673
2023-01-04,14199.13,-13.588780830823527
2023-01-05,14301.05,-17.890541561384772
2023-01-06,14373.34,-14.576470287801016
2023-01-09,14752.21,-15.131297363981973
2023-01-10,14802.96,-12.65086995140812
2023-01-11,14751.44,-7.631355030844501
2023-01-12,14731.64,-8.822785988905
2023-01-13,14824.13,-13.930583411044825
2023-01-16,14927.01,-11.236158137629381
2023-01-17,14932.93,-10.610049926724459
2023-01-30,15493.82,-9.071661237785015
2023-01-31,15265.2,-1.7415603477475443
2023-02-01,15420.13,-4.84179904085718
2023-02-02,15595.16,-11.793405808056514
2023-02-03,15602.66,-12.25354499745777
2023-02-06,15392.82,-9.675955216900944
2023-02-07,15400.91,-8.984849933744075
2023-02-08,15618.17,-14.344278095482876
2023-02-09,15598.71,-13.968854489988944
2023-02-10,15586.65,-14.043775507551533
2023-02-13,15544.28,-14.53001089938738
2023-02-14,15654.48,-13.058120731821402
2023-02-15,15432.89,-9.015873854362008
2023-02-16,15550.5,-19.096763308118444
2023-02-17,15479.7,-20.794382269036646
2023-02-20,15551.23,-21.068661576465303
2023-02-21,15563.0,-21.411926172673596
2023-02-22,15418.77,-22.752308890619783
2023-02-23,15615.41,-21.23294885974614
2023-02-24,15503.79,-18.11476537773497
2023-03-01,15598.49,-20.342769951772432
2023-03-02,15598.72,-21.03594222371515
2023-03-03,15608.42,-16.973869463568374
2023-03-06,15763.51,-15.269272738943448
2023-03-07,15857.89,-17.22236973536143
2023-03-08,15818.2,-14.510286285853317
2023-03-09,15770.66,-13.875151260062083
2023-03-10,15526.2,-7.747668263171162
2023-03-13,15560.49,-13.490689468328334
2023-03-14,15360.42,-10.850568016312263
2023-03-15,15387.59,-9.126616185030649
2023-03-16,15221.12,-7.978134110787172
2023-03-17,15452.96,-16.170824645912717
2023-03-20,15419.97,-13.41151293433781
2023-03-21,15513.45,-15.42809354903827
2023-03-22,15760.46,-24.88878452245835
2023-03-23,15863.95,-24.57940295889862
2023-03-24,15914.7,-19.80609942132402
2023-03-27,15830.31,-11.302722904431393
2023-03-28,15701.48,-10.935034279727883
2023-03-29,15769.76,-14.626107988146023
2023-03-30,15849.43,-16.865717450192825
2023-03-31,15868.06,-12.363106337158914
2023-04-06,15810.77,-15.997861962985235
2023-04-07,15836.5,-15.729953372299205
2023-04-10,15876.17,-17.465186421099915
2023-04-11,15913.88,-15.750341151114004
2023-04-12,15932.97,-16.23722470130992
2023-04-13,15804.76,-15.820682496431814
2023-04-14,15929.43,-17.41060091182837
2023-04-17,15963.55,-16.24479217130123
2023-04-18,15869.44,-12.46764399190333
2023-04-19,15770.47,-8.661004764283712
2023-04-20,15707.52,-14.091312493836899
2023-04-21,15602.99,-14.967856815533473
2023-04-24,15626.87,-16.581827601839258
2023-04-25,15370.73,-5.347958561852529
2023-04-26,15374.63,-3.5859203128819357
2023-04-27,15411.49,-8.375910357147319
2023-04-28,15579.18,-13.091510529771226
2023-05-02,15636.48,-14.065770731405214
2023-05-03,15553.41,-13.873978554378166
2023-05-04,15609.03,-19.91654406169144
2023-05-05,15626.07,-19.422847847527315
2023-05-08,15699.57,-17.67304667016256
2023-05-09,15727.7,-19.09169686466047
2023-05-10,15641.76,-8.023410973563568
2023-05-11,15514.64,-5.219345283693376
2023-05-12,15502.36,-5.9468298478480275
2023-05-15,15475.05,-7.792207792207792
2023-05-16,15673.9,-18.996130075665686
2023-05-17,15925.29,-16.421253782047877
2023-05-18,16101.88,-18.22681116136189
2023-05-19,16174.92,-15.689081952095519
2023-05-22,16180.89,-14.330255283057186
2023-05-23,16188.03,-12.038122830010806
2023-05-24,16159.32,-10.938542809633157
2023-05-25,16292.0,-11.212141397992717
2023-05-26,16505.05,-15.576107133386369
2023-05-29,16636.3,-12.792242295430393
2023-05-30,16622.74,-12.47537107579141
2023-05-31,16578.96,-10.126167458626904
2023-06-01,16512.65,-9.575635041834255
2023-06-02,16706.91,-10.45550297987657
2023-06-05,16714.43,-8.57315864802378
2023-06-06,16761.66,-8.42965001029063
2023-06-07,16922.48,-11.405529953917052
2023-06-08,16733.69,-9.68676724328629
2023-06-09,16886.4,-7.574013788870255
2023-06-12,16955.37,-8.358582531945725
2023-06-13,17216.6,-7.739717412267829
2023-06-14,17238.14,-4.358024825429233
2023-06-15,17334.98,-7.014883939439237
2023-06-16,17288.91,-4.646077877513443
2023-06-19,17274.56,-6.7589593138153745
2023-06-20,17184.91,-3.8196387179282234
2023-06-21,17202.4,-1.3608624465755172
2023-06-26,17059.24,1.1310841380652379
2023-06-27,16887.9,4.330223339456637
2023-06-28,16935.63,5.499052507855789
2023-06-29,16942.3,9.227235245611968
2023-06-30,16915.54,8.352471173628057
2023-07-03,17084.2,3.945503588899556
2023-07-04,17140.77,1.1850906480394727
2023-07-05,17056.43,6.734757183396331
2023-07-06,16762.17,8.870773569979018
2023-07-07,16664.21,5.43978349120433
2023-07-10,16652.8,2.74729224575865
2023-07-11,16898.91,-0.005773672055427252
2023-07-12,16962.03,2.7841875859497005
2023-07-13,17061.4,2.716197785431933
2023-07-14,17283.71,2.0140430759520775
2023-07-17,17334.29,3.7879837443428466
2023-07-18,17227.91,4.2858715461673
2023-07-19,17116.44,5.2755334317232405
2023-07-20,17164.89,3.553035283804515
2023-07-21,17030.7,8.28465143762674
2023-07-24,17033.61,3.6819327787739478
2023-07-25,17198.89,1.072811290121144
2023-07-26,17162.55,5.115268281524033
2023-07-27,17241.82,2.6613838176652695
2023-07-28,17292.93,3.8061405734585128
2023-07-31,17145.43,11.246154811978153
2023-08-01,17212.87,6.534087282845946
2023-08-02,16893.73,14.034912966606072
2023-08-04,16843.68,8.300035405391736
2023-08-07,16996.0,4.287250934794858
2023-08-08,16877.07,5.776343747540726
2023-08-09,16870.94,3.8084077925882522
2023-08-10,16634.7,8.808678765151008
2023-08-11,16601.25,7.10574963904519
2023-08-14,16393.66,15.286098700243706
2023-08-15,16454.8,12.243125904486252
2023-08-16,16446.78,9.202385906505757
2023-08-17,16516.66,3.689726822709772
2023-08-18,16381.31,6.576844369426562
2023-08-21,16381.49,15.040697674418604
2023-08-22,16437.61,13.702062916722602
2023-08-23,16576.9,10.884754730001726
2023-08-24,16770.87,7.264259360067743
2023-08-25,16481.58,19.172643263571416
2023-08-28,16509.26,14.686039740366724
2023-08-29,16623.65,9.601695534604984
2023-08-30,16719.82,12.048192771084338
2023-08-31,16634.51,13.860214248258295
2023-09-01,16644.94,11.946883134071557
2023-09-04,16789.69,6.9546287809349225
2023-09-05,16791.61,9.345042078302232
2023-09-06,16738.16,8.626485418571049
2023-09-07,16619.14,6.06553331107272
2023-09-08,16576.02,7.216364580847151
2023-09-11,16432.95,10.34425272984913
2023-09-12,16572.71,4.490963645244575
2023-09-13,16581.51,2.473458002447841
2023-09-14,16807.56,-0.6706571410182146
2023-09-15,16920.92,2.183143674631897
2023-09-18,16698.24,6.39380275176321
2023-09-19,16636.32,8.412964876033058
2023-09-20,16534.75,7.375772153282677
2023-09-21,16316.67,15.443168273919166
2023-09-22,16344.48,11.96377568791362
2023-09-25,16452.23,5.586536404478356
2023-09-26,16276.07,5.279655894631788
2023-09-27,16310.36,8.16343854784171
2023-09-28,16353.74,9.919493962047152
2023-10-02,16557.31,6.204241087112323
2023-10-03,16454.34,8.10772601965081
2023-10-04,16273.38,7.9496271926867745
2023-10-05,16453.52,0.6217250834849184
2023-10-06,16520.57,2.2996594139668423
2023-10-11,16672.03,0.8639918683118277
2023-10-12,16825.91,-2.9706855730113677
2023-10-13,16782.57,-5.083066009441097
2023-10-16,16652.24,-3.049573637808932
2023-10-17,16642.55,-1.574770830482966
2023-10-18,16440.91,10.872884426271932
2023-10-19,16452.73,9.02625170754885
2023-10-20,16440.72,7.678376866221032
2023-10-23,16251.36,14.416971393116922
2023-10-24,16309.76,16.079098792446715
2023-10-25,16358.89,11.246145726270173
2023-10-26,16073.74,15.234884187305726
2023-10-27,16134.61,11.5353382237501
2023-10-30,16149.68,15.168569223809905
2023-10-31,16001.27,17.12537468724453
2023-11-01,16038.56,14.686329945747689
2023-11-02,16396.95,3.227659085688031
2023-11-03,16507.65,-2.5615672625639405
2023-11-06,16649.36,-8.822562702265373
2023-11-07,16684.95,-11.452647589142249
2023-11-08,16740.83,-10.384223461008212
2023-11-09,16745.65,-9.713867855542189
2023-11-10,16682.67,-14.1192306329921
2023-11-13,16839.29,-8.52721685689201
2023-11-14,16915.71,-6.021753800052611
2023-11-15,17128.78,-4.347157854913459
2023-11-16,17171.18,-5.749735801792634
2023-11-17,17208.95,-4.829020615403437
2023-11-20,17210.47,-3.5681533972488535
2023-11-21,17416.7,-4.673448004889549
2023-11-22,17310.26,2.117530100519165
2023-11-23,17294.55,-2.820146434940573
2023-11-24,17287.42,-2.2240965994850392
2023-11-27,17137.42,-3.1777623722521637
2023-11-28,17341.25,-4.875686850552201
2023-11-29,17370.56,-1.5785440613026822
2023-11-30,17433.85,-2.8665377598619166
2023-12-01,17438.35,-5.501845293172948
2023-12-04,17421.48,-2.694551891431194
2023-12-05,17328.01,-1.1257864345427906
2023-12-06,17360.72,0.27911337890731475
2023-12-07,17278.74,0.822859598238264
2023-12-08,17383.99,-0.030009753169780176
2023-12-11,17418.34,0.5175369896069258
2023-12-12,17450.63,1.88190989133522
2023-12-13,17468.93,2.9248735904542285
2023-12-14,17653.11,1.1341306494568741
2023-12-15,17673.87,2.2610786942122694
2023-12-18,17652.03,4.527969780572943
2023-12-19,17576.55,7.188688557907268
2023-12-20,17635.2,4.867104578436282
2023-12-21,17543.74,10.849356933655928
2023-12-22,17596.63,8.8797515419273
2023-12-25,17604.84,6.896625832796046
2023-12-26,17751.73,5.438194796987184
2023-12-27,17891.5,3.169547484948534
2023-12-28,17910.37,3.7029958430885377
2023-12-29,17930.81,5.193391934106963
2024-01-02,17853.76,5.541966984422228
2024-01-03,17559.31,13.143991805782672
2024-01-04,17549.65,11.82323948920917
2024-01-05,17519.14,10.234476082322608
2024-01-08,17572.66,8.871568149857072
2024-01-09,17535.49,13.129926770025374
2024-01-10,17465.63,14.711193792821817
2024-01-11,17545.32,14.034422693345608
2024-01-12,17512.83,15.124757630651873
2024-01-15,17546.82,12.423227502121795
2024-01-16,17346.87,14.173401980805552
2024-01-17,17161.79,12.566017629628245
2024-01-18,17227.79,15.103936575406255
2024-01-19,17681.52,-0.13029762721163077
2024-01-22,17815.1,2.27970802919708
2024-01-23,17874.59,-1.4918095591905918
2024-01-24,17875.83,-0.8574251370233587
2024-01-25,18002.62,-5.485678776510662
2024-01-26,17995.03,-5.496195471291014
2024-01-29,18119.63,-4.86673750387391
2024-01-30,18034.63,-2.5348615977168842
2024-01-31,17889.56,1.4892960554421608
2024-02-01,17968.11,3.545692089567978
2024-02-02,18059.93,5.925521027167846
2024-02-05,18096.07,4.515828121075858
2024-02-15,18644.57,2.150354222813541
2024-02-16,18607.25,5.624504885133351
2024-02-19,18635.8,2.623411732900784
2024-02-20,18753.16,-2.900158478605388
2024-02-21,18676.31,-0.7157381983617292
2024-02-22,18852.78,-1.3156365796031142
2024-02-23,18889.19,-3.9467622216534424
2024-02-26,18948.05,-5.07330174954303
2024-02-27,18854.41,-3.3766037925531247
2024-02-29,18966.77,-3.6977392381542273
2024-03-01,18935.93,0.762241292276628
2024-03-04,19305.31,-5.319921562931222
2024-03-05,19386.92,-4.811563273027113
2024-03-06,19499.45,-5.43421388851709
2024-03-07,19693.52,-4.414650496678652
2024-03-08,19785.32,1.148074710533402
2024-03-11,19726.08,7.876931574256556
2024-03-12,19914.55,8.57009558216597
2024-03-13,19928.51,8.493468864863571
2024-03-14,19937.92,7.875018818978795
2024-03-15,19682.5,9.6875
2024-03-18,19879.85,9.367568574590964
2024-03-19,19857.2,9.163205011440123
2024-03-20,19784.45,6.846049801547706
2024-03-21,20199.09,-3.672524602035406
2024-03-22,20228.43,7.882545399557346
2024-03-25,20192.25,8.55859534503879
2024-03-26,20126.49,10.960977046897181
2024-03-27,20200.12,7.844327176781003
2024-03-28,20146.55,8.549159593728733
2024-03-29,20294.45,2.067067067067067
2024-04-01,20222.33,4.187071805212861
2024-04-02,20466.57,-3.08259105535606
2024-04-03,20337.6,8.071937984496124
2024-04-08,20417.7,6.575099033727
2024-04-09,20796.2,-5.010980235575963
2024-04-10,20763.53,0.7403680276020701
2024-04-11,20753.22,12.227120437312642
2024-04-12,20736.57,9.734677972804782
2024-04-15,20449.77,15.279866903687497
2024-04-16,19901.96,14.235564977546785
2024-04-17,20213.33,13.483750292260929
2024-04-18,20301.2,10.67756820205618
2024-04-19,19527.12,15.50412863972186
2024-04-22,19411.22,13.188359542737771
2024-04-23,19599.28,9.607176343815162
2024-04-24,20131.74,7.364397669511208
2024-04-25,19857.42,12.436551695831225
2024-04-26,20120.51,7.540708455718134
2024-04-29,20495.52,7.3607060243387314
2024-04-30,20396.6,6.330645691662172
2024-05-02,20222.44,10.54909457808932
2024-05-03,20330.32,11.655279624815478
2024-05-06,20523.31,9.491601848720551
2024-05-07,20653.53,10.583520399751425
2024-05-08,20700.51,7.646660310131982
2024-05-09,20560.77,9.611270074497977
2024-05-10,20708.84,7.326487877488205
2024-05-13,20857.71,5.649536792116239
2024-05-14,20985.85,2.7435208923125525
2024-05-15,21147.21,-1.4915144416477684
2024-05-16,21304.26,5.55088541307793
2024-05-17,21258.47,8.127906498209803
2024-05-20,21271.63,7.458508298340331
2024-05-21,21236.75,7.0470677597632205
2024-05-22,21551.83,2.0545063294182704
2024-05-23,21607.43,4.976990364329513
2024-05-24,21565.34,4.64364563385092
2024-05-27,21803.77,5.100623330365093
2024-05-28,21858.41,5.5837921784554565
2024-05-29,21662.5,10.436652138859353
2024-05-30,21364.48,9.50080138516794
2024-05-31,21174.22,7.6854810081647145
2024-06-03,21536.76,9.900840698426384
2024-06-04,21356.62,13.285167111478374
2024-06-05,21484.88,12.378175292996131
2024-06-06,21902.7,7.227902447660779
2024-06-07,21858.38,6.618473166358364
2024-06-11,21792.12,11.89334931096465
2024-06-12,22048.96,6.877551020408164
2024-06-13,22312.04,8.053873271264575
2024-06-14,22504.72,8.060500780048462
2024-06-17,22496.53,8.634327431930764
2024-06-18,22757.43,8.192396527754973
2024-06-19,23209.54,6.661371228360337
2024-06-20,23406.1,12.142085683427336
2024-06-21,23253.39,16.690420015090364
2024-06-24,22813.7,17.57766031812217
2024-06-25,22875.97,17.52362389282278
2024-06-26,22986.69,20.03010642270351
2024-06-27,22905.98,18.415975993140897
2024-06-28,23032.25,18.821405046903035
2024-07-01,23058.57,17.61103807822384
2024-07-02,22879.37,17.091927098211734
2024-07-03,23172.43,16.37393266380569
2024-07-04,23522.53,15.992418796157114
2024-07-05,23556.59,17.742665650844128
2024-07-08,23878.15,17.362583764526253
2024-07-09,23900.08,20.180293994839566
2024-07-10,24007.08,19.607843137254903
2024-07-11,24390.03,20.72363210087761
2024-07-12,23916.93,22.728009892760852
2024-07-15,23879.36,22.45234371697874
2024-07-16,23997.25,22.949911115758653
2024-07-17,23769.82,16.46347176961759
2024-07-18,23398.47,25.718001031320764
2024-07-19,22869.26,19.317620289821765
2024-07-22,22256.99,21.2736395214203
2024-07-23,22871.84,14.645089852130383
2024-07-26,22119.21,18.42362830329898
2024-07-29,22164.49,17.917017133507702
2024-07-30,22223.57,20.66052664533977
2024-07-31,22199.35,19.455714878509845
2024-08-01,22642.1,21.305481864591926
2024-08-02,21638.09,22.615080965215732
2024-08-05,19830.88,17.002090035929832
2024-08-06,20501.02,13.749563668315702
2024-08-07,21295.28,8.616027389311204
2024-08-08,20870.1,7.548959895052473
2024-08-09,21469.0,6.875766016713092
2024-08-12,21773.26,9.497156573530896
2024-08-13,21796.57,11.037262171158835
2024-08-14,22027.25,7.531345126338421
2024-08-15,21895.17,7.996671609468844
2024-08-16,22349.33,9.748275572005385
2024-08-19,22409.63,8.164872397964999
2024-08-20,22429.1,8.88155100654039
2024-08-21,22237.89,12.628423287422786
2024-08-22,22148.83,9.390816955171957
2024-08-23,22158.05,10.076594293785998
2024-08-26,22240.12,11.87456982536368
2024-08-27,22185.0,12.267343485617598
2024-08-28,22370.66,12.308219258979296
2024-08-29,22201.85,13.50462412311576
2024-08-30,22268.09,17.021702995508505
2024-09-02,22235.1,17.495311187564003
2024-09-03,22092.21,14.994796721349813
2024-09-04,21092.75,9.268962710484814
2024-09-05,21187.71,4.1810126417815425
2024-09-06,21435.19,6.103995935012312
2024-09-09,21144.44,4.78270624100933
2024-09-10,21064.08,3.3608318523037743
2024-09-11,21031.0,3.823083599994818
2024-09-12,21653.25,6.322118304384793
2024-09-13,21759.65,7.198471289196952
2024-09-16,21850.08,8.908855373717927
2024-09-18,21678.84,6.137819384810305
2024-09-19,22042.69,6.1170952740569975
2024-09-20,22159.42,10.218413680327556
2024-09-23,22285.53,15.035034291515018
2024-09-24,22431.78,10.599503188301878
2024-09-25,22761.6,13.02498024676351
2024-09-26,22858.81,15.426574922457128
2024-09-27,22822.79,14.426937441643323
2024-09-30,22224.54,15.845490083905418
2024-10-01,22390.39,18.04330958594907
2024-10-04,22302.71,16.0802344140839
2024-10-07,22702.56,19.56605702601386
2024-10-08,22611.39,18.767886008501467
2024-10-09,22659.08,18.395646000946524
2024-10-11,22901.64,19.048687457931344
2024-10-14,22975.29,16.75311378390846
2024-10-15,23292.04,17.180428936840034
2024-10-16,23010.98,12.327646258804277
2024-10-17,23053.84,18.08580504215196
2024-10-18,23487.27,12.270677462334733
2024-10-21,23542.53,17.689567559976
2024-10-22,23535.43,18.34527687296417
2024-10-23,23334.76,18.771428571428572
2024-10-24,23192.52,18.219546257015626
2024-10-25,23348.45,19.8821555193863
2024-10-28,23198.07,22.89889919975955
2024-10-29,22926.59,21.549577096638966
2024-10-30,22820.43,20.147598748244338
2024-11-01,22780.08,19.74157218632947
2024-11-04,22965.39,18.783167187422507
2024-11-05,23106.79,20.482269153995908
2024-11-06,23217.38,22.051815476910424
2024-11-07,23408.82,23.176372909500653
2024-11-08,23553.89,21.15720602942417
2024-11-11,23529.64,28.08830105198748
2024-11-12,22981.77,25.563295188001987
2024-11-13,22860.23,21.09567732448625
2024-11-14,22715.38,22.15606468677158
2024-11-15,22742.77,21.103834246249107
2024-11-18,22546.54,21.838282041018154
2024-11-19,22848.8,18.888680835127797
2024-11-20,22688.36,18.638215592845796
2024-11-21,22555.66,23.163582020921943
2024-11-22,22904.32,18.7030014782441
2024-11-25,22948.37,26.76342352027713
2024-11-26,22678.76,28.725399992830596
2024-11-27,22334.78,24.08614640622037
2024-11-28,22298.9,25.194124690289616
2024-11-29,22262.5,22.15380174632574
2024-12-02,22736.93,14.837061167153081
2024-12-03,23027.46,17.090560424836198
2024-12-04,23255.33,16.437773608505317
2024-12-05,23267.94,15.699188430713221
2024-12-06,23193.27,14.275328120814784
2024-12-09,23273.25,16.13950843495293
2024-12-10,23125.08,14.962584323507366
2024-12-11,22903.63,16.30686928940018
2024-12-12,23046.8,15.330194096703801
2024-12-13,23020.48,17.89583783353608
2024-12-16,23039.9,17.85964748235074
2024-12-17,23018.01,17.37758159321181
2024-12-18,23168.67,12.12805936779012
2024-12-19,22932.25,19.458469658413108
2024-12-20,22510.25,16.810615792494602
2024-12-23,23104.54,14.95641311858821
2024-12-24,23120.24,17.836536521727435
2024-12-25,23220.13,18.104170824186788
2024-12-26,23246.94,19.471266767576594
2024-12-27,23275.68,17.6672361502907
2024-12-30,23190.2,20.37889612107742
2024-12-31,23035.1,22.775904638012054
2025-01-02,22832.06,21.822203823963157
2025-01-03,22908.3,20.022338643193365
2025-01-06,23547.71,11.856811809440895
2025-01-07,23651.27,10.245338312715578
2025-01-08,23407.33,16.697441957800923
2025-01-09,23081.13,19.774653336073598
2025-01-10,23011.86,20.902836333418875
2025-01-13,22488.33,19.371789020351322
2025-01-14,22797.52,18.486258452757614
2025-01-15,22514.57,14.291157629015741
2025-01-16,23025.1,15.778115778115778
2025-01-17,23148.08,11.792065282477616
2025-01-20,23266.82,14.14431586113002
2025-01-21,23300.01,13.700594179522174
2025-01-22,23525.41,11.264760930157406
2025-02-03,22694.71,14.749658111714487
2025-02-04,22793.96,12.384707836491067
2025-02-05,23161.58,10.17388087310396
2025-02-06,23316.6,10.069027412989824
2025-02-07,23478.27,9.680870260098471
2025-02-10,23252.14,9.418198188655262
2025-02-11,23384.05,9.998421509563022
2025-02-12,23289.75,8.51778452668966
2025-02-13,23399.41,9.116057478035911
2025-02-14,23152.61,11.457236563434146
2025-02-17,23505.33,8.313664102532744
2025-02-18,23666.11,8.090329500089375
2025-02-19,23604.08,5.477926285945727
2025-02-20,23487.46,3.704830523710086
2025-02-21,23730.25,4.621047614003496
2025-02-24,23565.31,13.265043426418979
2025-02-25,23285.72,17.267695738157492
2025-02-26,23402.55,16.309556452139397
2025-02-27,23053.18,16.36920810700617
2025-03-03,22756.25,22.78922730865098
2025-03-04,22596.88,19.64694835680751
2025-03-05,22871.9,17.570072529577885
2025-03-06,22715.43,15.747149580931765
2025-03-07,22576.07,15.554292929292929
2025-03-10,22459.15,16.368232827722284
2025-03-11,22071.09,17.936880160242318
2025-03-12,22278.36,15.453322506756512
2025-03-13,21961.68,12.98825586615941
2025-03-14,21968.05,12.189702905799967
2025-03-17,22118.63,11.016949152542372
2025-03-18,22271.67,11.361387252035446
2025-03-19,21960.83,7.401005117168272
2025-03-20,22377.26,6.5287174043712355
2025-03-21,22209.1,8.711625960985305
2025-03-24,22106.64,9.082447331506707
2025-03-25,22273.19,5.524920749087616
2025-03-26,22260.29,6.320001052894803
2025-03-27,21951.76,10.38430294319815
2025-03-28,21602.89,9.76462676529926
2025-03-31,20695.9,1.3908326418389212
2025-04-01,21280.17,0.5128852956038403
2025-04-02,21298.22,-5.043831460963006
2025-04-07,19232.35,-3.6514360313315923
2025-04-08,18459.95,1.8944743438044709
2025-04-09,17391.76,-2.2250601699494084
2025-04-10,19000.03,-6.927197616975373
2025-04-11,19528.77,-9.398013146839322
2025-04-14,19513.09,-9.85738664066309
2025-04-15,19857.67,-11.030187523397883
2025-04-16,19468.0,-6.566081792566149
2025-04-17,19338.73,-7.259699361238255
2025-04-18,19395.03,-8.278592524697016
2025-04-21,19106.2,-9.685319418634702
2025-04-22,18793.43,-5.35352667558512
2025-04-23,19639.14,-7.054114900358542
2025-04-24,19478.81,-8.186098376904969
2025-04-25,19872.73,-12.787222697568296
2025-04-28,20034.41,-11.9520358347174
2025-04-29,20232.63,-11.841699460899816
2025-04-30,20235.03,-14.355258832157396
2025-05-02,20787.64,-13.163775931594035
2025-05-05,20532.99,-11.219658735880799
2025-05-06,20522.59,-7.073623427510826
2025-05-07,20546.49,-7.517372078332281
2025-05-08,20543.4,-8.407843654800004
2025-05-09,20915.04,-5.258725454661748
2025-05-12,21129.54,-3.129854796279802
2025-05-13,21330.14,-2.8888449819577176
2025-05-14,21782.87,-3.2625181957918095
2025-05-15,21730.25,-2.5873924913274626
2025-05-16,21843.69,-2.7224779732325235
2025-05-19,21523.83,-1.9125357483317444
2025-05-20,21526.03,-2.3352289898074123
2025-05-21,21803.91,-3.4323468285732432
2025-05-22,21670.96,-1.539724060111812
2025-05-23,21652.24,-1.5004960317460319
2025-05-26,21536.57,-1.6453363675725752
2025-05-27,21336.54,-0.23512814483893724
2025-05-28,21357.72,-0.4570992306638216
2025-05-29,21347.3,3.8863379898050505
2025-06-02,21002.71,3.7295790889871228
2025-06-03,21126.93,0.32229562842627363
2025-06-04,21618.09,-2.856270197840309
2025-06-05,21674.43,-3.968695375814397
2025-06-06,21660.66,-1.4207485556392867
2025-06-09,21790.29,-1.832194709676121
2025-06-10,22242.14,-2.1463424173975962
2025-06-11,22470.1,-3.5825514272678585
2025-06-12,22287.82,-1.5600982173157927
2025-06-13,22072.95,-0.7951178006630871
2025-06-16,22049.9,0.26867328931453616
2025-06-17,22211.59,-0.806692560501942
2025-06-18,22356.73,1.313571421991728
2025-06-19,22003.5,1.9652491435370383
2025-06-20,22045.74,0.9402852504874986
2025-06-23,21732.02,-1.8437128283703956
2025-06-24,22188.76,-2.085988529552334
2025-06-25,22430.61,-1.6955077783604264
2025-06-26,22492.34,-0.3691265854403153
2025-06-27,22580.08,-0.6025731502090006
2025-06-30,22256.02,-1.8643171490288521
2025-07-01,22553.72,-1.0032654276134363
2025-07-02,22577.74,-0.15050640980239394
2025-07-03,22712.97,-3.2849071118460027
2025-07-04,22547.5,-0.6552563735319393
2025-07-07,22428.72,1.5318338391975006
2025-07-08,22362.27,0.45013602520045815
2025-07-09,22527.01,1.4069669862695735
2025-07-10,22693.25,0.0790137645569393
2025-07-11,22751.03,-0.1010029414891732
2025-07-14,22614.97,1.641954775469762
2025-07-15,22835.94,-1.604856073117796
2025-07-16,23042.9,-2.002056117836822
2025-07-17,23113.28,-1.731959939509801
2025-07-18,23383.13,-1.0346539569059676
2025-07-21,23340.56,-1.4299371478550944
2025-07-22,22987.92,-0.5350988572465082
2025-07-23,23318.67,3.2599779933980195
2025-07-24,23373.73,3.202308406311796
2025-07-25,23364.38,3.743685350012028
2025-07-28,23412.98,2.7363309388758474
2025-07-29,23201.52,2.7325581395348837
2025-07-30,23461.72,1.3895128347106573
2025-07-31,23542.52,-1.4187267783382111
2025-08-01,23434.38,3.4549358538611767
2025-08-04,23378.94,2.09015253620863
2025-08-05,23660.59,-0.5213404101629974
2025-08-06,23447.36,0.7829467465902181
2025-08-07,24003.77,0.4517930536817996
2025-08-08,24021.26,3.063210295999226
2025-08-11,24135.5,2.4726923538590806
2025-08-12,24158.36,1.856212618708058
2025-08-13,24370.02,1.1823183624669271
2025-08-14,24238.1,1.8146883005977796
2025-08-15,24334.48,4.8659441616749195
2025-08-18,24482.52,0.6738738339990926
2025-08-19,24353.5,3.3974567981741117
2025-08-20,23625.44,5.578680042572473
2025-08-21,23962.13,2.356076360783532
2025-08-22,23764.47,0.03164711037538342
2025-08-25,24277.38,-2.0610640502163444
2025-08-26,24305.1,-0.9521093934021795
2025-08-27,24519.9,-1.8221654190250136
2025-08-28,24236.45,-2.0648125155202384
2025-08-29,24233.1,-0.8654121930841844
2025-09-01,24071.73,0.2253646697540801
2025-09-02,24016.78,-1.156340146453315
2025-09-03,24100.3,-1.5050945429607132
2025-09-04,24179.85,-2.527477968115655
2025-09-05,24494.58,-4.39873727486296
2025-09-08,24547.38,-3.3969105631301066
2025-09-09,24855.18,-6.593950245005654
2025-09-10,25192.59,-6.256800870511425
2025-09-11,25215.71,-7.696727313693461
2025-09-12,25474.64,-6.110119456268022
2025-09-15,25357.16,-5.334886712539896
2025-09-16,25629.64,-6.450138887218769
2025-09-17,25438.25,-3.9056204673650283
2025-09-18,25769.36,-4.494412535473271
2025-09-19,25578.37,-5.269132532399962
2025-09-22,25880.6,-5.008170591229339
2025-09-23,26247.37,-6.4384592037371835
2025-09-24,26196.73,-2.7873571021261574
2025-09-25,26023.85,-1.0057073197761401
2025-09-26,25580.32,2.489154990090502
2025-09-30,25820.54,-0.6203491202448014
2025-10-01,25982.91,0.10067677163152303
2025-10-02,26378.39,0.8816515636710499
2025-10-03,26761.06,-1.0090696934337542
2025-10-07,27211.95,2.0838804559062973
2025-10-08,27063.68,9.00891284624006
2025-10-09,27301.92,7.780523592555409
2025-10-13,26923.42,9.76347491951397
2025-10-14,26793.15,5.964433372203965
2025-10-15,27275.71,0.502185822588678
2025-10-16,27647.87,0.6813121567463263
2025-10-17,27302.37,3.9704021889434817
2025-10-20,27688.63,4.2946464588255635
2025-10-21,27752.41,2.873522340924933
2025-10-22,27648.91,7.77905227249028
2025-10-23,27532.26,5.447036836076445
2025-10-27,27993.63,6.760859584425587
2025-10-28,27949.11,9.921255198041703
2025-10-29,28294.74,6.073125089966893
2025-10-30,28287.53,6.644827837227925
2025-10-31,28233.35,4.582314326168104
2025-11-03,28334.59,8.938365846762792
2025-11-04,28116.56,9.623119111236113
2025-11-05,27717.06,11.686919228020013
2025-11-06,27899.45,11.398524993171264
2025-11-07,27651.41,11.577105518570667
2025-11-10,27869.51,11.151796248830301
2025-11-11,27784.95,11.433032380693774
2025-11-12,27947.09,10.635698444949073
2025-11-13,27903.56,10.707238829009007
2025-11-14,27397.5,12.145667050356073
2025-11-17,27447.31,11.687777704091783
2025-11-18,26756.12,11.446753246753246
2025-11-19,26580.12,7.941374707600407
2025-11-20,27426.36,0.7699585183028892
2025-11-21,26434.94,9.361593394031496
2025-11-24,26504.24,8.021020421738841
2025-11-25,26912.17,7.2075344769593
2025-11-26,27409.54,5.809430280459653
2025-11-27,27554.53,5.7159338210231
2025-11-28,27626.48,3.8257062441363496
2025-12-01,27342.53,6.107969843834141
2025-12-02,27564.27,6.257956176701606
2025-12-03,27793.04,6.6535020552913675
2025-12-04,27795.71,6.5927615693493955
2025-12-05,27980.89,4.468638073934238
2025-12-08,28303.78,5.013532997748716
2025-12-09,28182.6,8.494642902805124
2025-12-10,28400.73,6.106312794299096
2025-12-11,28024.75,7.64955499643246
2025-12-12,28198.02,6.2837592269998614
2025-12-15,27866.94,9.68000194085252
2025-12-16,27536.66,9.550099401061123
2025-12-17,27525.17,5.018575495665718
2025-12-18,27468.53,6.249914130658789
2025-12-19,27696.35,1.637346117905172
2025-12-22,28149.64,2.852331193974434
2025-12-23,28310.47,2.467658516479864
2025-12-24,28371.98,1.636330447480964
2025-12-26,28556.02,1.235730557287756
2025-12-29,28810.89,0.8355573292095877
2025-12-30,28707.13,3.2343319006992113
2025-12-31,28963.6,1.8168901051191306
2026-01-02,29349.81,-0.16655224146260839
2026-01-05,30105.04,2.6073274893234433
2026-01-06,30576.3,5.515542784640071
2026-01-07,30435.47,5.696864330977487
2026-01-08,30360.55,3.3330762507069776
2026-01-09,30288.96,4.137168994359574
2026-01-12,30567.29,3.7655339555509717
2026-01-13,30707.22,6.599202543784384
2026-01-14,30941.78,9.818999601001124
2026-01-15,30810.58,10.81320080648014
2026-01-16,31408.7,7.522589027343058
2026-01-19,31639.29,7.695928737824234
2026-01-20,31759.99,6.490100794173574
2026-01-21,31246.37,4.394227878544944
2026-01-22,31746.08,4.875704674881299
2026-01-23,31961.51,3.183343005562712
2026-01-26,32064.52,5.224822206928194
2026-01-27,32317.92,3.3431840782083784
2026-01-28,32803.82,5.593873968512861
2026-01-29,32536.27,9.507398339365553
2026-01-30,32063.75,9.98056856899489
2026-02-02,31624.03,2.6337301384560363
2026-02-03,32195.36,1.3755245375828802
2026-02-04,32289.81,-0.5586101277899124
2026-02-05,31801.27,-2.2464690399990115
2026-02-06,31782.92,-2.626738854493174
2026-02-09,32404.62,-3.2423823920968484
2026-02-10,33072.97,-0.6102977653180125
2026-02-11,33605.71,0.7153059343899741
2026-02-23,33773.26,6.055885736196319
2026-02-24,34700.82,4.228301166385437
2026-02-25,35413.07,9.680308585213226
2026-02-26,35414.49,10.32123349888518
2026-03-02,35095.09,13.69913090647516
2026-03-03,34323.65,11.283056742058212
2026-03-04,32828.88,7.047668163011755
2026-03-05,33672.94,6.901148356956793
2026-03-06,33599.54,4.4311493749696
2026-03-09,32110.42,2.6005956530004437
2026-03-10,32771.87,-1.6309012875536482
2026-03-11,34114.19,2.6789317507418398
2026-03-12,33581.86,2.628684690782079
2026-03-13,33400.32,-2.0307925970383254
2026-03-16,33342.51,-3.1080303295713323
2026-03-17,33836.57,-3.7295586849923916
2026-03-18,34348.58,0.8152173913043478
2026-03-19,33689.68,4.489609377100304
2026-03-20,33543.88,0.40192704748795594
2026-03-23,32722.5,0.42159089363669744
2026-03-24,32612.24,-3.9824963419011072
2026-03-25,33439.11,-0.8184150164904518
2026-03-26,33337.62,0.47598500579811764
2026-03-27,33112.59,3.6615698267074412
2026-03-30,32518.16,-0.5284375680976248
2026-03-31,31722.99,-1.4227097189444327
2026-04-01,33174.82,-5.114014860363823
2026-04-02,32572.43,-3.246988193988449
2026-04-07,33229.82,-6.16362594453403
2026-04-08,34761.38,-2.416394779771615
2026-04-09,34861.16,-2.527187985499741
2026-04-10,35417.83,0.19586114475684868
